Domain Code,Domain,Area Code,Area,Element Code,Element,Item Code,Item,Year Code,Year,Unit,Value,Flag,Flag Description
"FBS","Food Balances (2010-)","2","Afghanistan","664","Food supply (kcal/capita/day)","2903","Vegetal Products","2019","2019","kcal/capita/day","2087","Fc","Calculated data"
"FBS","Food Balances (2010-)","2","Afghanistan","674","Protein supply quantity (g/capita/day)","2903","Vegetal Products","2019","2019","g/capita/day","46.97","Fc","Calculated data"
"FBS","Food Balances (2010-)","2","Afghanistan","684","Fat supply quantity (g/capita/day)","2903","Vegetal Products","2019","2019","g/capita/day","27.11","Fc","Calculated data"
"FBS","Food Balances (2010-)","3","Albania","664","Food supply (kcal/capita/day)","2903","Vegetal Products","2019","2019","kcal/capita/day","2317","Fc","Calculated data"
"FBS","Food Balances (2010-)","3","Albania","674","Protein supply quantity (g/capita/day)","2903","Vegetal Products","2019","2019","g/capita/day","53.55","Fc","Calculated data"
"FBS","Food Balances (2010-)","3","Albania","684","Fat supply quantity (g/capita/day)","2903","Vegetal Products","2019","2019","g/capita/day","45.97","Fc","Calculated data"
"FBS","Food Balances (2010-)","4","Algeria","664","Food supply (kcal/capita/day)","2903","Vegetal Products","2019","2019","kcal/capita/day","3114","Fc","Calculated data"
"FBS","Food Balances (2010-)","4","Algeria","674","Protein supply quantity (g/capita/day)","2903","Vegetal Products","2019","2019","g/capita/day","66.76","Fc","Calculated data"
"FBS","Food Balances (2010-)","4","Algeria","684","Fat supply quantity (g/capita/day)","2903","Vegetal Products","2019","2019","g/capita/day","76","Fc","Calculated data"
"FBS","Food Balances (2010-)","7","Angola","664","Food supply (kcal/capita/day)","2903","Vegetal Products","2019","2019","kcal/capita/day","2234","Fc","Calculated data"
"FBS","Food Balances (2010-)","7","Angola","674","Protein supply quantity (g/capita/day)","2903","Vegetal Products","2019","2019","g/capita/day","36.55","Fc","Calculated data"
"FBS","Food Balances (2010-)","7","Angola","684","Fat supply quantity (g/capita/day)","2903","Vegetal Products","2019","2019","g/capita/day","44.15","Fc","Calculated data"
"FBS","Food Balances (2010-)","8","Antigua and Barbuda","664","Food supply (kcal/capita/day)","2903","Vegetal Products","2019","2019","kcal/capita/day","1764","Fc","Calculated data"
"FBS","Food Balances (2010-)","8","Antigua and Barbuda","674","Protein supply quantity (g/capita/day)","2903","Vegetal Products","2019","2019","g/capita/day","29.49","Fc","Calculated data"
"FBS","Food Balances (2010-)","8","Antigua and Barbuda","684","Fat supply quantity (g/capita/day)","2903","Vegetal Products","2019","2019","g/capita/day","40.98","Fc","Calculated data"
"FBS","Food Balances (2010-)","9","Argentina","664","Food supply (kcal/capita/day)","2903","Vegetal Products","2019","2019","kcal/capita/day","2287","Fc","Calculated data"
"FBS","Food Balances (2010-)","9","Argentina","674","Protein supply quantity (g/capita/day)","2903","Vegetal Products","2019","2019","g/capita/day","39.06","Fc","Calculated data"
"FBS","Food Balances (2010-)","9","Argentina","684","Fat supply quantity (g/capita/day)","2903","Vegetal Products","2019","2019","g/capita/day","48.34","Fc","Calculated data"
"FBS","Food Balances (2010-)","1","Armenia","664","Food supply (kcal/capita/day)","2903","Vegetal Products","2019","2019","kcal/capita/day","2048","Fc","Calculated data"
"FBS","Food Balances (2010-)","1","Armenia","674","Protein supply quantity (g/capita/day)","2903","Vegetal Products","2019","2019","g/capita/day","41.44","Fc","Calculated data"
"FBS","Food Balances (2010-)","1","Armenia","684","Fat supply quantity (g/capita/day)","2903","Vegetal Products","2019","2019","g/capita/day","41.78","Fc","Calculated data"
"FBS","Food Balances (2010-)","10","Australia","664","Food supply (kcal/capita/day)","2903","Vegetal Products","2019","2019","kcal/capita/day","2318","Fc","Calculated data"
"FBS","Food Balances (2010-)","10","Australia","674","Protein supply quantity (g/capita/day)","2903","Vegetal Products","2019","2019","g/capita/day","35.03","Fc","Calculated data"
"FBS","Food Balances (2010-)","10","Australia","684","Fat supply quantity (g/capita/day)","2903","Vegetal Products","2019","2019","g/capita/day","80.67","Fc","Calculated data"
"FBS","Food Balances (2010-)","11","Austria","664","Food supply (kcal/capita/day)","2903","Vegetal Products","2019","2019","kcal/capita/day","2538","Fc","Calculated data"
"FBS","Food Balances (2010-)","11","Austria","674","Protein supply quantity (g/capita/day)","2903","Vegetal Products","2019","2019","g/capita/day","44.46","Fc","Calculated data"
"FBS","Food Balances (2010-)","11","Austria","684","Fat supply quantity (g/capita/day)","2903","Vegetal Products","2019","2019","g/capita/day","71.79","Fc","Calculated data"
"FBS","Food Balances (2010-)","52","Azerbaijan","664","Food supply (kcal/capita/day)","2903","Vegetal Products","2019","2019","kcal/capita/day","2575","Fc","Calculated data"
"FBS","Food Balances (2010-)","52","Azerbaijan","674","Protein supply quantity (g/capita/day)","2903","Vegetal Products","2019","2019","g/capita/day","61.26","Fc","Calculated data"
"FBS","Food Balances (2010-)","52","Azerbaijan","684","Fat supply quantity (g/capita/day)","2903","Vegetal Products","2019","2019","g/capita/day","23.71","Fc","Calculated data"
"FBS","Food Balances (2010-)","12","Bahamas","664","Food supply (kcal/capita/day)","2903","Vegetal Products","2019","2019","kcal/capita/day","1877","Fc","Calculated data"
"FBS","Food Balances (2010-)","12","Bahamas","674","Protein supply quantity (g/capita/day)","2903","Vegetal Products","2019","2019","g/capita/day","27.66","Fc","Calculated data"
"FBS","Food Balances (2010-)","12","Bahamas","684","Fat supply quantity (g/capita/day)","2903","Vegetal Products","2019","2019","g/capita/day","48.24","Fc","Calculated data"
"FBS","Food Balances (2010-)","16","Bangladesh","664","Food supply (kcal/capita/day)","2903","Vegetal Products","2019","2019","kcal/capita/day","2503","Fc","Calculated data"
"FBS","Food Balances (2010-)","16","Bangladesh","674","Protein supply quantity (g/capita/day)","2903","Vegetal Products","2019","2019","g/capita/day","49.1","Fc","Calculated data"
"FBS","Food Balances (2010-)","16","Bangladesh","684","Fat supply quantity (g/capita/day)","2903","Vegetal Products","2019","2019","g/capita/day","27.63","Fc","Calculated data"
"FBS","Food Balances (2010-)","14","Barbados","664","Food supply (kcal/capita/day)","2903","Vegetal Products","2019","2019","kcal/capita/day","2276","Fc","Calculated data"
"FBS","Food Balances (2010-)","14","Barbados","674","Protein supply quantity (g/capita/day)","2903","Vegetal Products","2019","2019","g/capita/day","39.26","Fc","Calculated data"
"FBS","Food Balances (2010-)","14","Barbados","684","Fat supply quantity (g/capita/day)","2903","Vegetal Products","2019","2019","g/capita/day","42.4","Fc","Calculated data"
"FBS","Food Balances (2010-)","57","Belarus","664","Food supply (kcal/capita/day)","2903","Vegetal Products","2019","2019","kcal/capita/day","2459","Fc","Calculated data"
"FBS","Food Balances (2010-)","57","Belarus","674","Protein supply quantity (g/capita/day)","2903","Vegetal Products","2019","2019","g/capita/day","41.87","Fc","Calculated data"
"FBS","Food Balances (2010-)","57","Belarus","684","Fat supply quantity (g/capita/day)","2903","Vegetal Products","2019","2019","g/capita/day","67.99","Fc","Calculated data"
"FBS","Food Balances (2010-)","255","Belgium","664","Food supply (kcal/capita/day)","2903","Vegetal Products","2019","2019","kcal/capita/day","2543","Fc","Calculated data"
"FBS","Food Balances (2010-)","255","Belgium","674","Protein supply quantity (g/capita/day)","2903","Vegetal Products","2019","2019","g/capita/day","39.76","Fc","Calculated data"
"FBS","Food Balances (2010-)","255","Belgium","684","Fat supply quantity (g/capita/day)","2903","Vegetal Products","2019","2019","g/capita/day","70.24","Fc","Calculated data"
"FBS","Food Balances (2010-)","23","Belize","664","Food supply (kcal/capita/day)","2903","Vegetal Products","2019","2019","kcal/capita/day","2127","Fc","Calculated data"
"FBS","Food Balances (2010-)","23","Belize","674","Protein supply quantity (g/capita/day)","2903","Vegetal Products","2019","2019","g/capita/day","40.55","Fc","Calculated data"
"FBS","Food Balances (2010-)","23","Belize","684","Fat supply quantity (g/capita/day)","2903","Vegetal Products","2019","2019","g/capita/day","44.11","Fc","Calculated data"
"FBS","Food Balances (2010-)","53","Benin","664","Food supply (kcal/capita/day)","2903","Vegetal Products","2019","2019","kcal/capita/day","2648","Fc","Calculated data"
"FBS","Food Balances (2010-)","53","Benin","674","Protein supply quantity (g/capita/day)","2903","Vegetal Products","2019","2019","g/capita/day","50","Fc","Calculated data"
"FBS","Food Balances (2010-)","53","Benin","684","Fat supply quantity (g/capita/day)","2903","Vegetal Products","2019","2019","g/capita/day","42.64","Fc","Calculated data"
"FBS","Food Balances (2010-)","19","Bolivia (Plurinational State of)","664","Food supply (kcal/capita/day)","2903","Vegetal Products","2019","2019","kcal/capita/day","1918","Fc","Calculated data"
"FBS","Food Balances (2010-)","19","Bolivia (Plurinational State of)","674","Protein supply quantity (g/capita/day)","2903","Vegetal Products","2019","2019","g/capita/day","38.76","Fc","Calculated data"
"FBS","Food Balances (2010-)","19","Bolivia (Plurinational State of)","684","Fat supply quantity (g/capita/day)","2903","Vegetal Products","2019","2019","g/capita/day","23.12","Fc","Calculated data"
"FBS","Food Balances (2010-)","80","Bosnia and Herzegovina","664","Food supply (kcal/capita/day)","2903","Vegetal Products","2019","2019","kcal/capita/day","2724","Fc","Calculated data"
"FBS","Food Balances (2010-)","80","Bosnia and Herzegovina","674","Protein supply quantity (g/capita/day)","2903","Vegetal Products","2019","2019","g/capita/day","62.74","Fc","Calculated data"
"FBS","Food Balances (2010-)","80","Bosnia and Herzegovina","684","Fat supply quantity (g/capita/day)","2903","Vegetal Products","2019","2019","g/capita/day","45.44","Fc","Calculated data"
"FBS","Food Balances (2010-)","20","Botswana","664","Food supply (kcal/capita/day)","2903","Vegetal Products","2019","2019","kcal/capita/day","2214","Fc","Calculated data"
"FBS","Food Balances (2010-)","20","Botswana","674","Protein supply quantity (g/capita/day)","2903","Vegetal Products","2019","2019","g/capita/day","45.09","Fc","Calculated data"
"FBS","Food Balances (2010-)","20","Botswana","684","Fat supply quantity (g/capita/day)","2903","Vegetal Products","2019","2019","g/capita/day","48.7","Fc","Calculated data"
"FBS","Food Balances (2010-)","21","Brazil","664","Food supply (kcal/capita/day)","2903","Vegetal Products","2019","2019","kcal/capita/day","2370","Fc","Calculated data"
"FBS","Food Balances (2010-)","21","Brazil","674","Protein supply quantity (g/capita/day)","2903","Vegetal Products","2019","2019","g/capita/day","38.95","Fc","Calculated data"
"FBS","Food Balances (2010-)","21","Brazil","684","Fat supply quantity (g/capita/day)","2903","Vegetal Products","2019","2019","g/capita/day","68.65","Fc","Calculated data"
"FBS","Food Balances (2010-)","27","Bulgaria","664","Food supply (kcal/capita/day)","2903","Vegetal Products","2019","2019","kcal/capita/day","2164","Fc","Calculated data"
"FBS","Food Balances (2010-)","27","Bulgaria","674","Protein supply quantity (g/capita/day)","2903","Vegetal Products","2019","2019","g/capita/day","40.83","Fc","Calculated data"
"FBS","Food Balances (2010-)","27","Bulgaria","684","Fat supply quantity (g/capita/day)","2903","Vegetal Products","2019","2019","g/capita/day","53.51","Fc","Calculated data"
"FBS","Food Balances (2010-)","233","Burkina Faso","664","Food supply (kcal/capita/day)","2903","Vegetal Products","2019","2019","kcal/capita/day","2581","Fc","Calculated data"
"FBS","Food Balances (2010-)","233","Burkina Faso","674","Protein supply quantity (g/capita/day)","2903","Vegetal Products","2019","2019","g/capita/day","69.3","Fc","Calculated data"
"FBS","Food Balances (2010-)","233","Burkina Faso","684","Fat supply quantity (g/capita/day)","2903","Vegetal Products","2019","2019","g/capita/day","54.61","Fc","Calculated data"
"FBS","Food Balances (2010-)","29","Burundi","664","Food supply (kcal/capita/day)","2903","Vegetal Products","2019","2019","kcal/capita/day","1780","Fc","Calculated data"
"FBS","Food Balances (2010-)","29","Burundi","674","Protein supply quantity (g/capita/day)","2903","Vegetal Products","2019","2019","g/capita/day","40.28","Fc","Calculated data"
"FBS","Food Balances (2010-)","29","Burundi","684","Fat supply quantity (g/capita/day)","2903","Vegetal Products","2019","2019","g/capita/day","20.85","Fc","Calculated data"
"FBS","Food Balances (2010-)","35","Cabo Verde","664","Food supply (kcal/capita/day)","2903","Vegetal Products","2019","2019","kcal/capita/day","2158","Fc","Calculated data"
"FBS","Food Balances (2010-)","35","Cabo Verde","674","Protein supply quantity (g/capita/day)","2903","Vegetal Products","2019","2019","g/capita/day","45.92","Fc","Calculated data"
"FBS","Food Balances (2010-)","35","Cabo Verde","684","Fat supply quantity (g/capita/day)","2903","Vegetal Products","2019","2019","g/capita/day","34.51","Fc","Calculated data"
"FBS","Food Balances (2010-)","115","Cambodia","664","Food supply (kcal/capita/day)","2903","Vegetal Products","2019","2019","kcal/capita/day","2490","Fc","Calculated data"
"FBS","Food Balances (2010-)","115","Cambodia","674","Protein supply quantity (g/capita/day)","2903","Vegetal Products","2019","2019","g/capita/day","46.81","Fc","Calculated data"
"FBS","Food Balances (2010-)","115","Cambodia","684","Fat supply quantity (g/capita/day)","2903","Vegetal Products","2019","2019","g/capita/day","25.2","Fc","Calculated data"
"FBS","Food Balances (2010-)","32","Cameroon","664","Food supply (kcal/capita/day)","2903","Vegetal Products","2019","2019","kcal/capita/day","2657","Fc","Calculated data"
"FBS","Food Balances (2010-)","32","Cameroon","674","Protein supply quantity (g/capita/day)","2903","Vegetal Products","2019","2019","g/capita/day","61.02","Fc","Calculated data"
"FBS","Food Balances (2010-)","32","Cameroon","684","Fat supply quantity (g/capita/day)","2903","Vegetal Products","2019","2019","g/capita/day","46.83","Fc","Calculated data"
"FBS","Food Balances (2010-)","33","Canada","664","Food supply (kcal/capita/day)","2903","Vegetal Products","2019","2019","kcal/capita/day","2579","Fc","Calculated data"
"FBS","Food Balances (2010-)","33","Canada","674","Protein supply quantity (g/capita/day)","2903","Vegetal Products","2019","2019","g/capita/day","47.42","Fc","Calculated data"
"FBS","Food Balances (2010-)","33","Canada","684","Fat supply quantity (g/capita/day)","2903","Vegetal Products","2019","2019","g/capita/day","83.63","Fc","Calculated data"
"FBS","Food Balances (2010-)","37","Central African Republic","664","Food supply (kcal/capita/day)","2903","Vegetal Products","2019","2019","kcal/capita/day","1604","Fc","Calculated data"
"FBS","Food Balances (2010-)","37","Central African Republic","674","Protein supply quantity (g/capita/day)","2903","Vegetal Products","2019","2019","g/capita/day","29.88","Fc","Calculated data"
"FBS","Food Balances (2010-)","37","Central African Republic","684","Fat supply quantity (g/capita/day)","2903","Vegetal Products","2019","2019","g/capita/day","39.76","Fc","Calculated data"
"FBS","Food Balances (2010-)","39","Chad","664","Food supply (kcal/capita/day)","2903","Vegetal Products","2019","2019","kcal/capita/day","1948","Fc","Calculated data"
"FBS","Food Balances (2010-)","39","Chad","674","Protein supply quantity (g/capita/day)","2903","Vegetal Products","2019","2019","g/capita/day","50.99","Fc","Calculated data"
"FBS","Food Balances (2010-)","39","Chad","684","Fat supply quantity (g/capita/day)","2903","Vegetal Products","2019","2019","g/capita/day","44.85","Fc","Calculated data"
"FBS","Food Balances (2010-)","40","Chile","664","Food supply (kcal/capita/day)","2903","Vegetal Products","2019","2019","kcal/capita/day","2287","Fc","Calculated data"
"FBS","Food Balances (2010-)","40","Chile","674","Protein supply quantity (g/capita/day)","2903","Vegetal Products","2019","2019","g/capita/day","44.33","Fc","Calculated data"
"FBS","Food Balances (2010-)","40","Chile","684","Fat supply quantity (g/capita/day)","2903","Vegetal Products","2019","2019","g/capita/day","29.47","Fc","Calculated data"
"FBS","Food Balances (2010-)","351","China","664","Food supply (kcal/capita/day)","2903","Vegetal Products","2019","2019","kcal/capita/day","2586","Fc","Calculated data"
"FBS","Food Balances (2010-)","351","China","674","Protein supply quantity (g/capita/day)","2903","Vegetal Products","2019","2019","g/capita/day","63.49","Fc","Calculated data"
"FBS","Food Balances (2010-)","351","China","684","Fat supply quantity (g/capita/day)","2903","Vegetal Products","2019","2019","g/capita/day","44.86","Fc","Calculated data"
"FBS","Food Balances (2010-)","96","China, Hong Kong SAR","664","Food supply (kcal/capita/day)","2903","Vegetal Products","2019","2019","kcal/capita/day","1934","Fc","Calculated data"
"FBS","Food Balances (2010-)","96","China, Hong Kong SAR","674","Protein supply quantity (g/capita/day)","2903","Vegetal Products","2019","2019","g/capita/day","32.8","Fc","Calculated data"
"FBS","Food Balances (2010-)","96","China, Hong Kong SAR","684","Fat supply quantity (g/capita/day)","2903","Vegetal Products","2019","2019","g/capita/day","46.71","Fc","Calculated data"
"FBS","Food Balances (2010-)","128","China, Macao SAR","664","Food supply (kcal/capita/day)","2903","Vegetal Products","2019","2019","kcal/capita/day","2254","Fc","Calculated data"
"FBS","Food Balances (2010-)","128","China, Macao SAR","674","Protein supply quantity (g/capita/day)","2903","Vegetal Products","2019","2019","g/capita/day","38.14","Fc","Calculated data"
"FBS","Food Balances (2010-)","128","China, Macao SAR","684","Fat supply quantity (g/capita/day)","2903","Vegetal Products","2019","2019","g/capita/day","74.26","Fc","Calculated data"
"FBS","Food Balances (2010-)","41","China, mainland","664","Food supply (kcal/capita/day)","2903","Vegetal Products","2019","2019","kcal/capita/day","2595","Fc","Calculated data"
"FBS","Food Balances (2010-)","41","China, mainland","674","Protein supply quantity (g/capita/day)","2903","Vegetal Products","2019","2019","g/capita/day","64.04","Fc","Calculated data"
"FBS","Food Balances (2010-)","41","China, mainland","684","Fat supply quantity (g/capita/day)","2903","Vegetal Products","2019","2019","g/capita/day","44.26","Fc","Calculated data"
"FBS","Food Balances (2010-)","214","China, Taiwan Province of","664","Food supply (kcal/capita/day)","2903","Vegetal Products","2019","2019","kcal/capita/day","2265","Fc","Calculated data"
"FBS","Food Balances (2010-)","214","China, Taiwan Province of","674","Protein supply quantity (g/capita/day)","2903","Vegetal Products","2019","2019","g/capita/day","40.52","Fc","Calculated data"
"FBS","Food Balances (2010-)","214","China, Taiwan Province of","684","Fat supply quantity (g/capita/day)","2903","Vegetal Products","2019","2019","g/capita/day","79.33","Fc","Calculated data"
"FBS","Food Balances (2010-)","44","Colombia","664","Food supply (kcal/capita/day)","2903","Vegetal Products","2019","2019","kcal/capita/day","2432","Fc","Calculated data"
"FBS","Food Balances (2010-)","44","Colombia","674","Protein supply quantity (g/capita/day)","2903","Vegetal Products","2019","2019","g/capita/day","34.64","Fc","Calculated data"
"FBS","Food Balances (2010-)","44","Colombia","684","Fat supply quantity (g/capita/day)","2903","Vegetal Products","2019","2019","g/capita/day","52.25","Fc","Calculated data"
"FBS","Food Balances (2010-)","45","Comoros","664","Food supply (kcal/capita/day)","2903","Vegetal Products","2019","2019","kcal/capita/day","2102","Fc","Calculated data"
"FBS","Food Balances (2010-)","45","Comoros","674","Protein supply quantity (g/capita/day)","2903","Vegetal Products","2019","2019","g/capita/day","38.94","Fc","Calculated data"
"FBS","Food Balances (2010-)","45","Comoros","684","Fat supply quantity (g/capita/day)","2903","Vegetal Products","2019","2019","g/capita/day","49.37","Fc","Calculated data"
"FBS","Food Balances (2010-)","46","Congo","664","Food supply (kcal/capita/day)","2903","Vegetal Products","2019","2019","kcal/capita/day","1960","Fc","Calculated data"
"FBS","Food Balances (2010-)","46","Congo","674","Protein supply quantity (g/capita/day)","2903","Vegetal Products","2019","2019","g/capita/day","27.6","Fc","Calculated data"
"FBS","Food Balances (2010-)","46","Congo","684","Fat supply quantity (g/capita/day)","2903","Vegetal Products","2019","2019","g/capita/day","35.26","Fc","Calculated data"
"FBS","Food Balances (2010-)","48","Costa Rica","664","Food supply (kcal/capita/day)","2903","Vegetal Products","2019","2019","kcal/capita/day","2303","Fc","Calculated data"
"FBS","Food Balances (2010-)","48","Costa Rica","674","Protein supply quantity (g/capita/day)","2903","Vegetal Products","2019","2019","g/capita/day","34.56","Fc","Calculated data"
"FBS","Food Balances (2010-)","48","Costa Rica","684","Fat supply quantity (g/capita/day)","2903","Vegetal Products","2019","2019","g/capita/day","57.68","Fc","Calculated data"
"FBS","Food Balances (2010-)","107","C?te d'Ivoire","664","Food supply (kcal/capita/day)","2903","Vegetal Products","2019","2019","kcal/capita/day","2729","Fc","Calculated data"
"FBS","Food Balances (2010-)","107","C?te d'Ivoire","674","Protein supply quantity (g/capita/day)","2903","Vegetal Products","2019","2019","g/capita/day","44.95","Fc","Calculated data"
"FBS","Food Balances (2010-)","107","C?te d'Ivoire","684","Fat supply quantity (g/capita/day)","2903","Vegetal Products","2019","2019","g/capita/day","43.17","Fc","Calculated data"
"FBS","Food Balances (2010-)","98","Croatia","664","Food supply (kcal/capita/day)","2903","Vegetal Products","2019","2019","kcal/capita/day","2174","Fc","Calculated data"
"FBS","Food Balances (2010-)","98","Croatia","674","Protein supply quantity (g/capita/day)","2903","Vegetal Products","2019","2019","g/capita/day","36.38","Fc","Calculated data"
"FBS","Food Balances (2010-)","98","Croatia","684","Fat supply quantity (g/capita/day)","2903","Vegetal Products","2019","2019","g/capita/day","47.01","Fc","Calculated data"
"FBS","Food Balances (2010-)","49","Cuba","664","Food supply (kcal/capita/day)","2903","Vegetal Products","2019","2019","kcal/capita/day","2847","Fc","Calculated data"
"FBS","Food Balances (2010-)","49","Cuba","674","Protein supply quantity (g/capita/day)","2903","Vegetal Products","2019","2019","g/capita/day","48.38","Fc","Calculated data"
"FBS","Food Balances (2010-)","49","Cuba","684","Fat supply quantity (g/capita/day)","2903","Vegetal Products","2019","2019","g/capita/day","35.53","Fc","Calculated data"
"FBS","Food Balances (2010-)","50","Cyprus","664","Food supply (kcal/capita/day)","2903","Vegetal Products","2019","2019","kcal/capita/day","2360","Fc","Calculated data"
"FBS","Food Balances (2010-)","50","Cyprus","674","Protein supply quantity (g/capita/day)","2903","Vegetal Products","2019","2019","g/capita/day","45.99","Fc","Calculated data"
"FBS","Food Balances (2010-)","50","Cyprus","684","Fat supply quantity (g/capita/day)","2903","Vegetal Products","2019","2019","g/capita/day","66.77","Fc","Calculated data"
"FBS","Food Balances (2010-)","167","Czechia","664","Food supply (kcal/capita/day)","2903","Vegetal Products","2019","2019","kcal/capita/day","2342","Fc","Calculated data"
"FBS","Food Balances (2010-)","167","Czechia","674","Protein supply quantity (g/capita/day)","2903","Vegetal Products","2019","2019","g/capita/day","34.68","Fc","Calculated data"
"FBS","Food Balances (2010-)","167","Czechia","684","Fat supply quantity (g/capita/day)","2903","Vegetal Products","2019","2019","g/capita/day","72.54","Fc","Calculated data"
"FBS","Food Balances (2010-)","116","Democratic People's Republic of Korea","664","Food supply (kcal/capita/day)","2903","Vegetal Products","2019","2019","kcal/capita/day","1965","Fc","Calculated data"
"FBS","Food Balances (2010-)","116","Democratic People's Republic of Korea","674","Protein supply quantity (g/capita/day)","2903","Vegetal Products","2019","2019","g/capita/day","44.81","Fc","Calculated data"
"FBS","Food Balances (2010-)","116","Democratic People's Republic of Korea","684","Fat supply quantity (g/capita/day)","2903","Vegetal Products","2019","2019","g/capita/day","26.94","Fc","Calculated data"
"FBS","Food Balances (2010-)","250","Democratic Republic of the Congo","664","Food supply (kcal/capita/day)","2903","Vegetal Products","2019","2019","kcal/capita/day","1884","Fc","Calculated data"
"FBS","Food Balances (2010-)","250","Democratic Republic of the Congo","674","Protein supply quantity (g/capita/day)","2903","Vegetal Products","2019","2019","g/capita/day","22.7","Fc","Calculated data"
"FBS","Food Balances (2010-)","250","Democratic Republic of the Congo","684","Fat supply quantity (g/capita/day)","2903","Vegetal Products","2019","2019","g/capita/day","23.66","Fc","Calculated data"
"FBS","Food Balances (2010-)","54","Denmark","664","Food supply (kcal/capita/day)","2903","Vegetal Products","2019","2019","kcal/capita/day","2177","Fc","Calculated data"
"FBS","Food Balances (2010-)","54","Denmark","674","Protein supply quantity (g/capita/day)","2903","Vegetal Products","2019","2019","g/capita/day","38.67","Fc","Calculated data"
"FBS","Food Balances (2010-)","54","Denmark","684","Fat supply quantity (g/capita/day)","2903","Vegetal Products","2019","2019","g/capita/day","40.87","Fc","Calculated data"
"FBS","Food Balances (2010-)","72","Djibouti","664","Food supply (kcal/capita/day)","2903","Vegetal Products","2019","2019","kcal/capita/day","2593","Fc","Calculated data"
"FBS","Food Balances (2010-)","72","Djibouti","674","Protein supply quantity (g/capita/day)","2903","Vegetal Products","2019","2019","g/capita/day","52.92","Fc","Calculated data"
"FBS","Food Balances (2010-)","72","Djibouti","684","Fat supply quantity (g/capita/day)","2903","Vegetal Products","2019","2019","g/capita/day","48.85","Fc","Calculated data"
"FBS","Food Balances (2010-)","55","Dominica","664","Food supply (kcal/capita/day)","2903","Vegetal Products","2019","2019","kcal/capita/day","2273","Fc","Calculated data"
"FBS","Food Balances (2010-)","55","Dominica","674","Protein supply quantity (g/capita/day)","2903","Vegetal Products","2019","2019","g/capita/day","36.42","Fc","Calculated data"
"FBS","Food Balances (2010-)","55","Dominica","684","Fat supply quantity (g/capita/day)","2903","Vegetal Products","2019","2019","g/capita/day","36.68","Fc","Calculated data"
"FBS","Food Balances (2010-)","56","Dominican Republic","664","Food supply (kcal/capita/day)","2903","Vegetal Products","2019","2019","kcal/capita/day","2465","Fc","Calculated data"
"FBS","Food Balances (2010-)","56","Dominican Republic","674","Protein supply quantity (g/capita/day)","2903","Vegetal Products","2019","2019","g/capita/day","34.76","Fc","Calculated data"
"FBS","Food Balances (2010-)","56","Dominican Republic","684","Fat supply quantity (g/capita/day)","2903","Vegetal Products","2019","2019","g/capita/day","69.7","Fc","Calculated data"
"FBS","Food Balances (2010-)","58","Ecuador","664","Food supply (kcal/capita/day)","2903","Vegetal Products","2019","2019","kcal/capita/day","1993","Fc","Calculated data"
"FBS","Food Balances (2010-)","58","Ecuador","674","Protein supply quantity (g/capita/day)","2903","Vegetal Products","2019","2019","g/capita/day","31.41","Fc","Calculated data"
"FBS","Food Balances (2010-)","58","Ecuador","684","Fat supply quantity (g/capita/day)","2903","Vegetal Products","2019","2019","g/capita/day","55.2","Fc","Calculated data"
"FBS","Food Balances (2010-)","59","Egypt","664","Food supply (kcal/capita/day)","2903","Vegetal Products","2019","2019","kcal/capita/day","3040","Fc","Calculated data"
"FBS","Food Balances (2010-)","59","Egypt","674","Protein supply quantity (g/capita/day)","2903","Vegetal Products","2019","2019","g/capita/day","71.84","Fc","Calculated data"
"FBS","Food Balances (2010-)","59","Egypt","684","Fat supply quantity (g/capita/day)","2903","Vegetal Products","2019","2019","g/capita/day","42.35","Fc","Calculated data"
"FBS","Food Balances (2010-)","60","El Salvador","664","Food supply (kcal/capita/day)","2903","Vegetal Products","2019","2019","kcal/capita/day","2308","Fc","Calculated data"
"FBS","Food Balances (2010-)","60","El Salvador","674","Protein supply quantity (g/capita/day)","2903","Vegetal Products","2019","2019","g/capita/day","50.32","Fc","Calculated data"
"FBS","Food Balances (2010-)","60","El Salvador","684","Fat supply quantity (g/capita/day)","2903","Vegetal Products","2019","2019","g/capita/day","32.45","Fc","Calculated data"
"FBS","Food Balances (2010-)","63","Estonia","664","Food supply (kcal/capita/day)","2903","Vegetal Products","2019","2019","kcal/capita/day","2061","Fc","Calculated data"
"FBS","Food Balances (2010-)","63","Estonia","674","Protein supply quantity (g/capita/day)","2903","Vegetal Products","2019","2019","g/capita/day","37.43","Fc","Calculated data"
"FBS","Food Balances (2010-)","63","Estonia","684","Fat supply quantity (g/capita/day)","2903","Vegetal Products","2019","2019","g/capita/day","46.87","Fc","Calculated data"
"FBS","Food Balances (2010-)","209","Eswatini","664","Food supply (kcal/capita/day)","2903","Vegetal Products","2019","2019","kcal/capita/day","2270","Fc","Calculated data"
"FBS","Food Balances (2010-)","209","Eswatini","674","Protein supply quantity (g/capita/day)","2903","Vegetal Products","2019","2019","g/capita/day","41.83","Fc","Calculated data"
"FBS","Food Balances (2010-)","209","Eswatini","684","Fat supply quantity (g/capita/day)","2903","Vegetal Products","2019","2019","g/capita/day","34.95","Fc","Calculated data"
"FBS","Food Balances (2010-)","238","Ethiopia","664","Food supply (kcal/capita/day)","2903","Vegetal Products","2019","2019","kcal/capita/day","2338","Fc","Calculated data"
"FBS","Food Balances (2010-)","238","Ethiopia","674","Protein supply quantity (g/capita/day)","2903","Vegetal Products","2019","2019","g/capita/day","64.15","Fc","Calculated data"
"FBS","Food Balances (2010-)","238","Ethiopia","684","Fat supply quantity (g/capita/day)","2903","Vegetal Products","2019","2019","g/capita/day","20.88","Fc","Calculated data"
"FBS","Food Balances (2010-)","66","Fiji","664","Food supply (kcal/capita/day)","2903","Vegetal Products","2019","2019","kcal/capita/day","2342","Fc","Calculated data"
"FBS","Food Balances (2010-)","66","Fiji","674","Protein supply quantity (g/capita/day)","2903","Vegetal Products","2019","2019","g/capita/day","41.66","Fc","Calculated data"
"FBS","Food Balances (2010-)","66","Fiji","684","Fat supply quantity (g/capita/day)","2903","Vegetal Products","2019","2019","g/capita/day","42.41","Fc","Calculated data"
"FBS","Food Balances (2010-)","67","Finland","664","Food supply (kcal/capita/day)","2903","Vegetal Products","2019","2019","kcal/capita/day","2043","Fc","Calculated data"
"FBS","Food Balances (2010-)","67","Finland","674","Protein supply quantity (g/capita/day)","2903","Vegetal Products","2019","2019","g/capita/day","44.46","Fc","Calculated data"
"FBS","Food Balances (2010-)","67","Finland","684","Fat supply quantity (g/capita/day)","2903","Vegetal Products","2019","2019","g/capita/day","33.28","Fc","Calculated data"
"FBS","Food Balances (2010-)","68","France","664","Food supply (kcal/capita/day)","2903","Vegetal Products","2019","2019","kcal/capita/day","2415","Fc","Calculated data"
"FBS","Food Balances (2010-)","68","France","674","Protein supply quantity (g/capita/day)","2903","Vegetal Products","2019","2019","g/capita/day","45.2","Fc","Calculated data"
"FBS","Food Balances (2010-)","68","France","684","Fat supply quantity (g/capita/day)","2903","Vegetal Products","2019","2019","g/capita/day","63.15","Fc","Calculated data"
"FBS","Food Balances (2010-)","70","French Polynesia","664","Food supply (kcal/capita/day)","2903","Vegetal Products","2019","2019","kcal/capita/day","2099","Fc","Calculated data"
"FBS","Food Balances (2010-)","70","French Polynesia","674","Protein supply quantity (g/capita/day)","2903","Vegetal Products","2019","2019","g/capita/day","33.84","Fc","Calculated data"
"FBS","Food Balances (2010-)","70","French Polynesia","684","Fat supply quantity (g/capita/day)","2903","Vegetal Products","2019","2019","g/capita/day","65.12","Fc","Calculated data"
"FBS","Food Balances (2010-)","74","Gabon","664","Food supply (kcal/capita/day)","2903","Vegetal Products","2019","2019","kcal/capita/day","2267","Fc","Calculated data"
"FBS","Food Balances (2010-)","74","Gabon","674","Protein supply quantity (g/capita/day)","2903","Vegetal Products","2019","2019","g/capita/day","41.34","Fc","Calculated data"
"FBS","Food Balances (2010-)","74","Gabon","684","Fat supply quantity (g/capita/day)","2903","Vegetal Products","2019","2019","g/capita/day","31.14","Fc","Calculated data"
"FBS","Food Balances (2010-)","75","Gambia","664","Food supply (kcal/capita/day)","2903","Vegetal Products","2019","2019","kcal/capita/day","2284","Fc","Calculated data"
"FBS","Food Balances (2010-)","75","Gambia","674","Protein supply quantity (g/capita/day)","2903","Vegetal Products","2019","2019","g/capita/day","44.37","Fc","Calculated data"
"FBS","Food Balances (2010-)","75","Gambia","684","Fat supply quantity (g/capita/day)","2903","Vegetal Products","2019","2019","g/capita/day","49.03","Fc","Calculated data"
"FBS","Food Balances (2010-)","73","Georgia","664","Food supply (kcal/capita/day)","2903","Vegetal Products","2019","2019","kcal/capita/day","2298","Fc","Calculated data"
"FBS","Food Balances (2010-)","73","Georgia","674","Protein supply quantity (g/capita/day)","2903","Vegetal Products","2019","2019","g/capita/day","45.66","Fc","Calculated data"
"FBS","Food Balances (2010-)","73","Georgia","684","Fat supply quantity (g/capita/day)","2903","Vegetal Products","2019","2019","g/capita/day","37.61","Fc","Calculated data"
"FBS","Food Balances (2010-)","79","Germany","664","Food supply (kcal/capita/day)","2903","Vegetal Products","2019","2019","kcal/capita/day","2502","Fc","Calculated data"
"FBS","Food Balances (2010-)","79","Germany","674","Protein supply quantity (g/capita/day)","2903","Vegetal Products","2019","2019","g/capita/day","41.54","Fc","Calculated data"
"FBS","Food Balances (2010-)","79","Germany","684","Fat supply quantity (g/capita/day)","2903","Vegetal Products","2019","2019","g/capita/day","71.05","Fc","Calculated data"
"FBS","Food Balances (2010-)","81","Ghana","664","Food supply (kcal/capita/day)","2903","Vegetal Products","2019","2019","kcal/capita/day","2990","Fc","Calculated data"
"FBS","Food Balances (2010-)","81","Ghana","674","Protein supply quantity (g/capita/day)","2903","Vegetal Products","2019","2019","g/capita/day","47.15","Fc","Calculated data"
"FBS","Food Balances (2010-)","81","Ghana","684","Fat supply quantity (g/capita/day)","2903","Vegetal Products","2019","2019","g/capita/day","35.83","Fc","Calculated data"
"FBS","Food Balances (2010-)","84","Greece","664","Food supply (kcal/capita/day)","2903","Vegetal Products","2019","2019","kcal/capita/day","2553","Fc","Calculated data"
"FBS","Food Balances (2010-)","84","Greece","674","Protein supply quantity (g/capita/day)","2903","Vegetal Products","2019","2019","g/capita/day","44.83","Fc","Calculated data"
"FBS","Food Balances (2010-)","84","Greece","684","Fat supply quantity (g/capita/day)","2903","Vegetal Products","2019","2019","g/capita/day","96.73","Fc","Calculated data"
"FBS","Food Balances (2010-)","86","Grenada","664","Food supply (kcal/capita/day)","2903","Vegetal Products","2019","2019","kcal/capita/day","1884","Fc","Calculated data"
"FBS","Food Balances (2010-)","86","Grenada","674","Protein supply quantity (g/capita/day)","2903","Vegetal Products","2019","2019","g/capita/day","29.99","Fc","Calculated data"
"FBS","Food Balances (2010-)","86","Grenada","684","Fat supply quantity (g/capita/day)","2903","Vegetal Products","2019","2019","g/capita/day","45.43","Fc","Calculated data"
"FBS","Food Balances (2010-)","89","Guatemala","664","Food supply (kcal/capita/day)","2903","Vegetal Products","2019","2019","kcal/capita/day","2271","Fc","Calculated data"
"FBS","Food Balances (2010-)","89","Guatemala","674","Protein supply quantity (g/capita/day)","2903","Vegetal Products","2019","2019","g/capita/day","47.88","Fc","Calculated data"
"FBS","Food Balances (2010-)","89","Guatemala","684","Fat supply quantity (g/capita/day)","2903","Vegetal Products","2019","2019","g/capita/day","45.8","Fc","Calculated data"
"FBS","Food Balances (2010-)","90","Guinea","664","Food supply (kcal/capita/day)","2903","Vegetal Products","2019","2019","kcal/capita/day","2708","Fc","Calculated data"
"FBS","Food Balances (2010-)","90","Guinea","674","Protein supply quantity (g/capita/day)","2903","Vegetal Products","2019","2019","g/capita/day","45.64","Fc","Calculated data"
"FBS","Food Balances (2010-)","90","Guinea","684","Fat supply quantity (g/capita/day)","2903","Vegetal Products","2019","2019","g/capita/day","61.96","Fc","Calculated data"
"FBS","Food Balances (2010-)","175","Guinea-Bissau","664","Food supply (kcal/capita/day)","2903","Vegetal Products","2019","2019","kcal/capita/day","2085","Fc","Calculated data"
"FBS","Food Balances (2010-)","175","Guinea-Bissau","674","Protein supply quantity (g/capita/day)","2903","Vegetal Products","2019","2019","g/capita/day","34.88","Fc","Calculated data"
"FBS","Food Balances (2010-)","175","Guinea-Bissau","684","Fat supply quantity (g/capita/day)","2903","Vegetal Products","2019","2019","g/capita/day","46.58","Fc","Calculated data"
"FBS","Food Balances (2010-)","91","Guyana","664","Food supply (kcal/capita/day)","2903","Vegetal Products","2019","2019","kcal/capita/day","2403","Fc","Calculated data"
"FBS","Food Balances (2010-)","91","Guyana","674","Protein supply quantity (g/capita/day)","2903","Vegetal Products","2019","2019","g/capita/day","49.16","Fc","Calculated data"
"FBS","Food Balances (2010-)","91","Guyana","684","Fat supply quantity (g/capita/day)","2903","Vegetal Products","2019","2019","g/capita/day","41.49","Fc","Calculated data"
"FBS","Food Balances (2010-)","93","Haiti","664","Food supply (kcal/capita/day)","2903","Vegetal Products","2019","2019","kcal/capita/day","1990","Fc","Calculated data"
"FBS","Food Balances (2010-)","93","Haiti","674","Protein supply quantity (g/capita/day)","2903","Vegetal Products","2019","2019","g/capita/day","36.71","Fc","Calculated data"
"FBS","Food Balances (2010-)","93","Haiti","684","Fat supply quantity (g/capita/day)","2903","Vegetal Products","2019","2019","g/capita/day","34.82","Fc","Calculated data"
"FBS","Food Balances (2010-)","95","Honduras","664","Food supply (kcal/capita/day)","2903","Vegetal Products","2019","2019","kcal/capita/day","2352","Fc","Calculated data"
"FBS","Food Balances (2010-)","95","Honduras","674","Protein supply quantity (g/capita/day)","2903","Vegetal Products","2019","2019","g/capita/day","40.98","Fc","Calculated data"
"FBS","Food Balances (2010-)","95","Honduras","684","Fat supply quantity (g/capita/day)","2903","Vegetal Products","2019","2019","g/capita/day","63.32","Fc","Calculated data"
"FBS","Food Balances (2010-)","97","Hungary","664","Food supply (kcal/capita/day)","2903","Vegetal Products","2019","2019","kcal/capita/day","2284","Fc","Calculated data"
"FBS","Food Balances (2010-)","97","Hungary","674","Protein supply quantity (g/capita/day)","2903","Vegetal Products","2019","2019","g/capita/day","39.22","Fc","Calculated data"
"FBS","Food Balances (2010-)","97","Hungary","684","Fat supply quantity (g/capita/day)","2903","Vegetal Products","2019","2019","g/capita/day","61.69","Fc","Calculated data"
"FBS","Food Balances (2010-)","99","Iceland","664","Food supply (kcal/capita/day)","2903","Vegetal Products","2019","2019","kcal/capita/day","1974","Fc","Calculated data"
"FBS","Food Balances (2010-)","99","Iceland","674","Protein supply quantity (g/capita/day)","2903","Vegetal Products","2019","2019","g/capita/day","39.31","Fc","Calculated data"
"FBS","Food Balances (2010-)","99","Iceland","684","Fat supply quantity (g/capita/day)","2903","Vegetal Products","2019","2019","g/capita/day","52.17","Fc","Calculated data"
"FBS","Food Balances (2010-)","100","India","664","Food supply (kcal/capita/day)","2903","Vegetal Products","2019","2019","kcal/capita/day","2283","Fc","Calculated data"
"FBS","Food Balances (2010-)","100","India","674","Protein supply quantity (g/capita/day)","2903","Vegetal Products","2019","2019","g/capita/day","49.43","Fc","Calculated data"
"FBS","Food Balances (2010-)","100","India","684","Fat supply quantity (g/capita/day)","2903","Vegetal Products","2019","2019","g/capita/day","40.05","Fc","Calculated data"
"FBS","Food Balances (2010-)","101","Indonesia","664","Food supply (kcal/capita/day)","2903","Vegetal Products","2019","2019","kcal/capita/day","2653","Fc","Calculated data"
"FBS","Food Balances (2010-)","101","Indonesia","674","Protein supply quantity (g/capita/day)","2903","Vegetal Products","2019","2019","g/capita/day","43.01","Fc","Calculated data"
"FBS","Food Balances (2010-)","101","Indonesia","684","Fat supply quantity (g/capita/day)","2903","Vegetal Products","2019","2019","g/capita/day","54.98","Fc","Calculated data"
"FBS","Food Balances (2010-)","102","Iran (Islamic Republic of)","664","Food supply (kcal/capita/day)","2903","Vegetal Products","2019","2019","kcal/capita/day","2665","Fc","Calculated data"
"FBS","Food Balances (2010-)","102","Iran (Islamic Republic of)","674","Protein supply quantity (g/capita/day)","2903","Vegetal Products","2019","2019","g/capita/day","58.1","Fc","Calculated data"
"FBS","Food Balances (2010-)","102","Iran (Islamic Republic of)","684","Fat supply quantity (g/capita/day)","2903","Vegetal Products","2019","2019","g/capita/day","54.74","Fc","Calculated data"
"FBS","Food Balances (2010-)","103","Iraq","664","Food supply (kcal/capita/day)","2903","Vegetal Products","2019","2019","kcal/capita/day","2422","Fc","Calculated data"
"FBS","Food Balances (2010-)","103","Iraq","674","Protein supply quantity (g/capita/day)","2903","Vegetal Products","2019","2019","g/capita/day","52.3","Fc","Calculated data"
"FBS","Food Balances (2010-)","103","Iraq","684","Fat supply quantity (g/capita/day)","2903","Vegetal Products","2019","2019","g/capita/day","53.09","Fc","Calculated data"
"FBS","Food Balances (2010-)","104","Ireland","664","Food supply (kcal/capita/day)","2903","Vegetal Products","2019","2019","kcal/capita/day","2801","Fc","Calculated data"
"FBS","Food Balances (2010-)","104","Ireland","674","Protein supply quantity (g/capita/day)","2903","Vegetal Products","2019","2019","g/capita/day","47.7","Fc","Calculated data"
"FBS","Food Balances (2010-)","104","Ireland","684","Fat supply quantity (g/capita/day)","2903","Vegetal Products","2019","2019","g/capita/day","67.42","Fc","Calculated data"
"FBS","Food Balances (2010-)","105","Israel","664","Food supply (kcal/capita/day)","2903","Vegetal Products","2019","2019","kcal/capita/day","2704","Fc","Calculated data"
"FBS","Food Balances (2010-)","105","Israel","674","Protein supply quantity (g/capita/day)","2903","Vegetal Products","2019","2019","g/capita/day","49.72","Fc","Calculated data"
"FBS","Food Balances (2010-)","105","Israel","684","Fat supply quantity (g/capita/day)","2903","Vegetal Products","2019","2019","g/capita/day","97.25","Fc","Calculated data"
"FBS","Food Balances (2010-)","106","Italy","664","Food supply (kcal/capita/day)","2903","Vegetal Products","2019","2019","kcal/capita/day","2663","Fc","Calculated data"
"FBS","Food Balances (2010-)","106","Italy","674","Protein supply quantity (g/capita/day)","2903","Vegetal Products","2019","2019","g/capita/day","48.94","Fc","Calculated data"
"FBS","Food Balances (2010-)","106","Italy","684","Fat supply quantity (g/capita/day)","2903","Vegetal Products","2019","2019","g/capita/day","87.04","Fc","Calculated data"
"FBS","Food Balances (2010-)","109","Jamaica","664","Food supply (kcal/capita/day)","2903","Vegetal Products","2019","2019","kcal/capita/day","2242","Fc","Calculated data"
"FBS","Food Balances (2010-)","109","Jamaica","674","Protein supply quantity (g/capita/day)","2903","Vegetal Products","2019","2019","g/capita/day","38.81","Fc","Calculated data"
"FBS","Food Balances (2010-)","109","Jamaica","684","Fat supply quantity (g/capita/day)","2903","Vegetal Products","2019","2019","g/capita/day","38.73","Fc","Calculated data"
"FBS","Food Balances (2010-)","110","Japan","664","Food supply (kcal/capita/day)","2903","Vegetal Products","2019","2019","kcal/capita/day","2122","Fc","Calculated data"
"FBS","Food Balances (2010-)","110","Japan","674","Protein supply quantity (g/capita/day)","2903","Vegetal Products","2019","2019","g/capita/day","38.85","Fc","Calculated data"
"FBS","Food Balances (2010-)","110","Japan","684","Fat supply quantity (g/capita/day)","2903","Vegetal Products","2019","2019","g/capita/day","53.45","Fc","Calculated data"
"FBS","Food Balances (2010-)","112","Jordan","664","Food supply (kcal/capita/day)","2903","Vegetal Products","2019","2019","kcal/capita/day","2163","Fc","Calculated data"
"FBS","Food Balances (2010-)","112","Jordan","674","Protein supply quantity (g/capita/day)","2903","Vegetal Products","2019","2019","g/capita/day","38.56","Fc","Calculated data"
"FBS","Food Balances (2010-)","112","Jordan","684","Fat supply quantity (g/capita/day)","2903","Vegetal Products","2019","2019","g/capita/day","72.61","Fc","Calculated data"
"FBS","Food Balances (2010-)","108","Kazakhstan","664","Food supply (kcal/capita/day)","2903","Vegetal Products","2019","2019","kcal/capita/day","2414","Fc","Calculated data"
"FBS","Food Balances (2010-)","108","Kazakhstan","674","Protein supply quantity (g/capita/day)","2903","Vegetal Products","2019","2019","g/capita/day","47.22","Fc","Calculated data"
"FBS","Food Balances (2010-)","108","Kazakhstan","684","Fat supply quantity (g/capita/day)","2903","Vegetal Products","2019","2019","g/capita/day","67.49","Fc","Calculated data"
"FBS","Food Balances (2010-)","114","Kenya","664","Food supply (kcal/capita/day)","2903","Vegetal Products","2019","2019","kcal/capita/day","1947","Fc","Calculated data"
"FBS","Food Balances (2010-)","114","Kenya","674","Protein supply quantity (g/capita/day)","2903","Vegetal Products","2019","2019","g/capita/day","46.03","Fc","Calculated data"
"FBS","Food Balances (2010-)","114","Kenya","684","Fat supply quantity (g/capita/day)","2903","Vegetal Products","2019","2019","g/capita/day","31.63","Fc","Calculated data"
"FBS","Food Balances (2010-)","83","Kiribati","664","Food supply (kcal/capita/day)","2903","Vegetal Products","2019","2019","kcal/capita/day","2715","Fc","Calculated data"
"FBS","Food Balances (2010-)","83","Kiribati","674","Protein supply quantity (g/capita/day)","2903","Vegetal Products","2019","2019","g/capita/day","35.18","Fc","Calculated data"
"FBS","Food Balances (2010-)","83","Kiribati","684","Fat supply quantity (g/capita/day)","2903","Vegetal Products","2019","2019","g/capita/day","98.56","Fc","Calculated data"
"FBS","Food Balances (2010-)","118","Kuwait","664","Food supply (kcal/capita/day)","2903","Vegetal Products","2019","2019","kcal/capita/day","2794","Fc","Calculated data"
"FBS","Food Balances (2010-)","118","Kuwait","674","Protein supply quantity (g/capita/day)","2903","Vegetal Products","2019","2019","g/capita/day","51.61","Fc","Calculated data"
"FBS","Food Balances (2010-)","118","Kuwait","684","Fat supply quantity (g/capita/day)","2903","Vegetal Products","2019","2019","g/capita/day","67.19","Fc","Calculated data"
"FBS","Food Balances (2010-)","113","Kyrgyzstan","664","Food supply (kcal/capita/day)","2903","Vegetal Products","2019","2019","kcal/capita/day","2139","Fc","Calculated data"
"FBS","Food Balances (2010-)","113","Kyrgyzstan","674","Protein supply quantity (g/capita/day)","2903","Vegetal Products","2019","2019","g/capita/day","49.96","Fc","Calculated data"
"FBS","Food Balances (2010-)","113","Kyrgyzstan","684","Fat supply quantity (g/capita/day)","2903","Vegetal Products","2019","2019","g/capita/day","36.89","Fc","Calculated data"
"FBS","Food Balances (2010-)","120","Lao People's Democratic Republic","664","Food supply (kcal/capita/day)","2903","Vegetal Products","2019","2019","kcal/capita/day","2479","Fc","Calculated data"
"FBS","Food Balances (2010-)","120","Lao People's Democratic Republic","674","Protein supply quantity (g/capita/day)","2903","Vegetal Products","2019","2019","g/capita/day","56.78","Fc","Calculated data"
"FBS","Food Balances (2010-)","120","Lao People's Democratic Republic","684","Fat supply quantity (g/capita/day)","2903","Vegetal Products","2019","2019","g/capita/day","26.76","Fc","Calculated data"
"FBS","Food Balances (2010-)","119","Latvia","664","Food supply (kcal/capita/day)","2903","Vegetal Products","2019","2019","kcal/capita/day","2289","Fc","Calculated data"
"FBS","Food Balances (2010-)","119","Latvia","674","Protein supply quantity (g/capita/day)","2903","Vegetal Products","2019","2019","g/capita/day","39.32","Fc","Calculated data"
"FBS","Food Balances (2010-)","119","Latvia","684","Fat supply quantity (g/capita/day)","2903","Vegetal Products","2019","2019","g/capita/day","56.68","Fc","Calculated data"
"FBS","Food Balances (2010-)","121","Lebanon","664","Food supply (kcal/capita/day)","2903","Vegetal Products","2019","2019","kcal/capita/day","2506","Fc","Calculated data"
"FBS","Food Balances (2010-)","121","Lebanon","674","Protein supply quantity (g/capita/day)","2903","Vegetal Products","2019","2019","g/capita/day","46.12","Fc","Calculated data"
"FBS","Food Balances (2010-)","121","Lebanon","684","Fat supply quantity (g/capita/day)","2903","Vegetal Products","2019","2019","g/capita/day","65.37","Fc","Calculated data"
"FBS","Food Balances (2010-)","122","Lesotho","664","Food supply (kcal/capita/day)","2903","Vegetal Products","2019","2019","kcal/capita/day","1916","Fc","Calculated data"
"FBS","Food Balances (2010-)","122","Lesotho","674","Protein supply quantity (g/capita/day)","2903","Vegetal Products","2019","2019","g/capita/day","43.48","Fc","Calculated data"
"FBS","Food Balances (2010-)","122","Lesotho","684","Fat supply quantity (g/capita/day)","2903","Vegetal Products","2019","2019","g/capita/day","34.47","Fc","Calculated data"
"FBS","Food Balances (2010-)","123","Liberia","664","Food supply (kcal/capita/day)","2903","Vegetal Products","2019","2019","kcal/capita/day","2024","Fc","Calculated data"
"FBS","Food Balances (2010-)","123","Liberia","674","Protein supply quantity (g/capita/day)","2903","Vegetal Products","2019","2019","g/capita/day","31.45","Fc","Calculated data"
"FBS","Food Balances (2010-)","123","Liberia","684","Fat supply quantity (g/capita/day)","2903","Vegetal Products","2019","2019","g/capita/day","36.66","Fc","Calculated data"
"FBS","Food Balances (2010-)","124","Libya","664","Food supply (kcal/capita/day)","2903","Vegetal Products","2019","2019","kcal/capita/day","2711","Fc","Calculated data"
"FBS","Food Balances (2010-)","124","Libya","674","Protein supply quantity (g/capita/day)","2903","Vegetal Products","2019","2019","g/capita/day","52.05","Fc","Calculated data"
"FBS","Food Balances (2010-)","124","Libya","684","Fat supply quantity (g/capita/day)","2903","Vegetal Products","2019","2019","g/capita/day","69","Fc","Calculated data"
"FBS","Food Balances (2010-)","126","Lithuania","664","Food supply (kcal/capita/day)","2903","Vegetal Products","2019","2019","kcal/capita/day","2450","Fc","Calculated data"
"FBS","Food Balances (2010-)","126","Lithuania","674","Protein supply quantity (g/capita/day)","2903","Vegetal Products","2019","2019","g/capita/day","48.16","Fc","Calculated data"
"FBS","Food Balances (2010-)","126","Lithuania","684","Fat supply quantity (g/capita/day)","2903","Vegetal Products","2019","2019","g/capita/day","41.14","Fc","Calculated data"
"FBS","Food Balances (2010-)","256","Luxembourg","664","Food supply (kcal/capita/day)","2903","Vegetal Products","2019","2019","kcal/capita/day","2320","Fc","Calculated data"
"FBS","Food Balances (2010-)","256","Luxembourg","674","Protein supply quantity (g/capita/day)","2903","Vegetal Products","2019","2019","g/capita/day","42.39","Fc","Calculated data"
"FBS","Food Balances (2010-)","256","Luxembourg","684","Fat supply quantity (g/capita/day)","2903","Vegetal Products","2019","2019","g/capita/day","51.78","Fc","Calculated data"
"FBS","Food Balances (2010-)","129","Madagascar","664","Food supply (kcal/capita/day)","2903","Vegetal Products","2019","2019","kcal/capita/day","1785","Fc","Calculated data"
"FBS","Food Balances (2010-)","129","Madagascar","674","Protein supply quantity (g/capita/day)","2903","Vegetal Products","2019","2019","g/capita/day","33.8","Fc","Calculated data"
"FBS","Food Balances (2010-)","129","Madagascar","684","Fat supply quantity (g/capita/day)","2903","Vegetal Products","2019","2019","g/capita/day","15.13","Fc","Calculated data"
"FBS","Food Balances (2010-)","130","Malawi","664","Food supply (kcal/capita/day)","2903","Vegetal Products","2019","2019","kcal/capita/day","2314","Fc","Calculated data"
"FBS","Food Balances (2010-)","130","Malawi","674","Protein supply quantity (g/capita/day)","2903","Vegetal Products","2019","2019","g/capita/day","55.39","Fc","Calculated data"
"FBS","Food Balances (2010-)","130","Malawi","684","Fat supply quantity (g/capita/day)","2903","Vegetal Products","2019","2019","g/capita/day","30.82","Fc","Calculated data"
"FBS","Food Balances (2010-)","131","Malaysia","664","Food supply (kcal/capita/day)","2903","Vegetal Products","2019","2019","kcal/capita/day","2414","Fc","Calculated data"
"FBS","Food Balances (2010-)","131","Malaysia","674","Protein supply quantity (g/capita/day)","2903","Vegetal Products","2019","2019","g/capita/day","34.28","Fc","Calculated data"
"FBS","Food Balances (2010-)","131","Malaysia","684","Fat supply quantity (g/capita/day)","2903","Vegetal Products","2019","2019","g/capita/day","66.88","Fc","Calculated data"
"FBS","Food Balances (2010-)","132","Maldives","664","Food supply (kcal/capita/day)","2903","Vegetal Products","2019","2019","kcal/capita/day","1664","Fc","Calculated data"
"FBS","Food Balances (2010-)","132","Maldives","674","Protein supply quantity (g/capita/day)","2903","Vegetal Products","2019","2019","g/capita/day","30.86","Fc","Calculated data"
"FBS","Food Balances (2010-)","132","Maldives","684","Fat supply quantity (g/capita/day)","2903","Vegetal Products","2019","2019","g/capita/day","20.76","Fc","Calculated data"
"FBS","Food Balances (2010-)","133","Mali","664","Food supply (kcal/capita/day)","2903","Vegetal Products","2019","2019","kcal/capita/day","2654","Fc","Calculated data"
"FBS","Food Balances (2010-)","133","Mali","674","Protein supply quantity (g/capita/day)","2903","Vegetal Products","2019","2019","g/capita/day","62.48","Fc","Calculated data"
"FBS","Food Balances (2010-)","133","Mali","684","Fat supply quantity (g/capita/day)","2903","Vegetal Products","2019","2019","g/capita/day","40.26","Fc","Calculated data"
"FBS","Food Balances (2010-)","134","Malta","664","Food supply (kcal/capita/day)","2903","Vegetal Products","2019","2019","kcal/capita/day","2467","Fc","Calculated data"
"FBS","Food Balances (2010-)","134","Malta","674","Protein supply quantity (g/capita/day)","2903","Vegetal Products","2019","2019","g/capita/day","44.48","Fc","Calculated data"
"FBS","Food Balances (2010-)","134","Malta","684","Fat supply quantity (g/capita/day)","2903","Vegetal Products","2019","2019","g/capita/day","60.7","Fc","Calculated data"
"FBS","Food Balances (2010-)","136","Mauritania","664","Food supply (kcal/capita/day)","2903","Vegetal Products","2019","2019","kcal/capita/day","2435","Fc","Calculated data"
"FBS","Food Balances (2010-)","136","Mauritania","674","Protein supply quantity (g/capita/day)","2903","Vegetal Products","2019","2019","g/capita/day","51.67","Fc","Calculated data"
"FBS","Food Balances (2010-)","136","Mauritania","684","Fat supply quantity (g/capita/day)","2903","Vegetal Products","2019","2019","g/capita/day","44.69","Fc","Calculated data"
"FBS","Food Balances (2010-)","137","Mauritius","664","Food supply (kcal/capita/day)","2903","Vegetal Products","2019","2019","kcal/capita/day","2540","Fc","Calculated data"
"FBS","Food Balances (2010-)","137","Mauritius","674","Protein supply quantity (g/capita/day)","2903","Vegetal Products","2019","2019","g/capita/day","45.47","Fc","Calculated data"
"FBS","Food Balances (2010-)","137","Mauritius","684","Fat supply quantity (g/capita/day)","2903","Vegetal Products","2019","2019","g/capita/day","67.68","Fc","Calculated data"
"FBS","Food Balances (2010-)","138","Mexico","664","Food supply (kcal/capita/day)","2903","Vegetal Products","2019","2019","kcal/capita/day","2463","Fc","Calculated data"
"FBS","Food Balances (2010-)","138","Mexico","674","Protein supply quantity (g/capita/day)","2903","Vegetal Products","2019","2019","g/capita/day","46.76","Fc","Calculated data"
"FBS","Food Balances (2010-)","138","Mexico","684","Fat supply quantity (g/capita/day)","2903","Vegetal Products","2019","2019","g/capita/day","51.09","Fc","Calculated data"
"FBS","Food Balances (2010-)","141","Mongolia","664","Food supply (kcal/capita/day)","2903","Vegetal Products","2019","2019","kcal/capita/day","1572","Fc","Calculated data"
"FBS","Food Balances (2010-)","141","Mongolia","674","Protein supply quantity (g/capita/day)","2903","Vegetal Products","2019","2019","g/capita/day","29.98","Fc","Calculated data"
"FBS","Food Balances (2010-)","141","Mongolia","684","Fat supply quantity (g/capita/day)","2903","Vegetal Products","2019","2019","g/capita/day","33.27","Fc","Calculated data"
"FBS","Food Balances (2010-)","273","Montenegro","664","Food supply (kcal/capita/day)","2903","Vegetal Products","2019","2019","kcal/capita/day","2293","Fc","Calculated data"
"FBS","Food Balances (2010-)","273","Montenegro","674","Protein supply quantity (g/capita/day)","2903","Vegetal Products","2019","2019","g/capita/day","44.52","Fc","Calculated data"
"FBS","Food Balances (2010-)","273","Montenegro","684","Fat supply quantity (g/capita/day)","2903","Vegetal Products","2019","2019","g/capita/day","49.71","Fc","Calculated data"
"FBS","Food Balances (2010-)","143","Morocco","664","Food supply (kcal/capita/day)","2903","Vegetal Products","2019","2019","kcal/capita/day","3029","Fc","Calculated data"
"FBS","Food Balances (2010-)","143","Morocco","674","Protein supply quantity (g/capita/day)","2903","Vegetal Products","2019","2019","g/capita/day","71.24","Fc","Calculated data"
"FBS","Food Balances (2010-)","143","Morocco","684","Fat supply quantity (g/capita/day)","2903","Vegetal Products","2019","2019","g/capita/day","50.77","Fc","Calculated data"
"FBS","Food Balances (2010-)","144","Mozambique","664","Food supply (kcal/capita/day)","2903","Vegetal Products","2019","2019","kcal/capita/day","2028","Fc","Calculated data"
"FBS","Food Balances (2010-)","144","Mozambique","674","Protein supply quantity (g/capita/day)","2903","Vegetal Products","2019","2019","g/capita/day","40.02","Fc","Calculated data"
"FBS","Food Balances (2010-)","144","Mozambique","684","Fat supply quantity (g/capita/day)","2903","Vegetal Products","2019","2019","g/capita/day","36.35","Fc","Calculated data"
"FBS","Food Balances (2010-)","28","Myanmar","664","Food supply (kcal/capita/day)","2903","Vegetal Products","2019","2019","kcal/capita/day","2209","Fc","Calculated data"
"FBS","Food Balances (2010-)","28","Myanmar","674","Protein supply quantity (g/capita/day)","2903","Vegetal Products","2019","2019","g/capita/day","51.34","Fc","Calculated data"
"FBS","Food Balances (2010-)","28","Myanmar","684","Fat supply quantity (g/capita/day)","2903","Vegetal Products","2019","2019","g/capita/day","40.89","Fc","Calculated data"
"FBS","Food Balances (2010-)","147","Namibia","664","Food supply (kcal/capita/day)","2903","Vegetal Products","2019","2019","kcal/capita/day","2167","Fc","Calculated data"
"FBS","Food Balances (2010-)","147","Namibia","674","Protein supply quantity (g/capita/day)","2903","Vegetal Products","2019","2019","g/capita/day","42.63","Fc","Calculated data"
"FBS","Food Balances (2010-)","147","Namibia","684","Fat supply quantity (g/capita/day)","2903","Vegetal Products","2019","2019","g/capita/day","36.05","Fc","Calculated data"
"FBS","Food Balances (2010-)","149","Nepal","664","Food supply (kcal/capita/day)","2903","Vegetal Products","2019","2019","kcal/capita/day","2637","Fc","Calculated data"
"FBS","Food Balances (2010-)","149","Nepal","674","Protein supply quantity (g/capita/day)","2903","Vegetal Products","2019","2019","g/capita/day","61.35","Fc","Calculated data"
"FBS","Food Balances (2010-)","149","Nepal","684","Fat supply quantity (g/capita/day)","2903","Vegetal Products","2019","2019","g/capita/day","44.26","Fc","Calculated data"
"FBS","Food Balances (2010-)","150","Netherlands","664","Food supply (kcal/capita/day)","2903","Vegetal Products","2019","2019","kcal/capita/day","2198","Fc","Calculated data"
"FBS","Food Balances (2010-)","150","Netherlands","674","Protein supply quantity (g/capita/day)","2903","Vegetal Products","2019","2019","g/capita/day","38.54","Fc","Calculated data"
"FBS","Food Balances (2010-)","150","Netherlands","684","Fat supply quantity (g/capita/day)","2903","Vegetal Products","2019","2019","g/capita/day","51.64","Fc","Calculated data"
"FBS","Food Balances (2010-)","153","New Caledonia","664","Food supply (kcal/capita/day)","2903","Vegetal Products","2019","2019","kcal/capita/day","2097","Fc","Calculated data"
"FBS","Food Balances (2010-)","153","New Caledonia","674","Protein supply quantity (g/capita/day)","2903","Vegetal Products","2019","2019","g/capita/day","37.14","Fc","Calculated data"
"FBS","Food Balances (2010-)","153","New Caledonia","684","Fat supply quantity (g/capita/day)","2903","Vegetal Products","2019","2019","g/capita/day","56.23","Fc","Calculated data"
"FBS","Food Balances (2010-)","156","New Zealand","664","Food supply (kcal/capita/day)","2903","Vegetal Products","2019","2019","kcal/capita/day","2260","Fc","Calculated data"
"FBS","Food Balances (2010-)","156","New Zealand","674","Protein supply quantity (g/capita/day)","2903","Vegetal Products","2019","2019","g/capita/day","40.82","Fc","Calculated data"
"FBS","Food Balances (2010-)","156","New Zealand","684","Fat supply quantity (g/capita/day)","2903","Vegetal Products","2019","2019","g/capita/day","42.11","Fc","Calculated data"
"FBS","Food Balances (2010-)","157","Nicaragua","664","Food supply (kcal/capita/day)","2903","Vegetal Products","2019","2019","kcal/capita/day","2326","Fc","Calculated data"
"FBS","Food Balances (2010-)","157","Nicaragua","674","Protein supply quantity (g/capita/day)","2903","Vegetal Products","2019","2019","g/capita/day","46.86","Fc","Calculated data"
"FBS","Food Balances (2010-)","157","Nicaragua","684","Fat supply quantity (g/capita/day)","2903","Vegetal Products","2019","2019","g/capita/day","36.89","Fc","Calculated data"
"FBS","Food Balances (2010-)","158","Niger","664","Food supply (kcal/capita/day)","2903","Vegetal Products","2019","2019","kcal/capita/day","2470","Fc","Calculated data"
"FBS","Food Balances (2010-)","158","Niger","674","Protein supply quantity (g/capita/day)","2903","Vegetal Products","2019","2019","g/capita/day","74.41","Fc","Calculated data"
"FBS","Food Balances (2010-)","158","Niger","684","Fat supply quantity (g/capita/day)","2903","Vegetal Products","2019","2019","g/capita/day","46.68","Fc","Calculated data"
"FBS","Food Balances (2010-)","159","Nigeria","664","Food supply (kcal/capita/day)","2903","Vegetal Products","2019","2019","kcal/capita/day","2487","Fc","Calculated data"
"FBS","Food Balances (2010-)","159","Nigeria","674","Protein supply quantity (g/capita/day)","2903","Vegetal Products","2019","2019","g/capita/day","51.12","Fc","Calculated data"
"FBS","Food Balances (2010-)","159","Nigeria","684","Fat supply quantity (g/capita/day)","2903","Vegetal Products","2019","2019","g/capita/day","54.14","Fc","Calculated data"
"FBS","Food Balances (2010-)","154","North Macedonia","664","Food supply (kcal/capita/day)","2903","Vegetal Products","2019","2019","kcal/capita/day","2508","Fc","Calculated data"
"FBS","Food Balances (2010-)","154","North Macedonia","674","Protein supply quantity (g/capita/day)","2903","Vegetal Products","2019","2019","g/capita/day","47.46","Fc","Calculated data"
"FBS","Food Balances (2010-)","154","North Macedonia","684","Fat supply quantity (g/capita/day)","2903","Vegetal Products","2019","2019","g/capita/day","67.61","Fc","Calculated data"
"FBS","Food Balances (2010-)","162","Norway","664","Food supply (kcal/capita/day)","2903","Vegetal Products","2019","2019","kcal/capita/day","2349","Fc","Calculated data"
"FBS","Food Balances (2010-)","162","Norway","674","Protein supply quantity (g/capita/day)","2903","Vegetal Products","2019","2019","g/capita/day","51.87","Fc","Calculated data"
"FBS","Food Balances (2010-)","162","Norway","684","Fat supply quantity (g/capita/day)","2903","Vegetal Products","2019","2019","g/capita/day","54.35","Fc","Calculated data"
"FBS","Food Balances (2010-)","221","Oman","664","Food supply (kcal/capita/day)","2903","Vegetal Products","2019","2019","kcal/capita/day","2370","Fc","Calculated data"
"FBS","Food Balances (2010-)","221","Oman","674","Protein supply quantity (g/capita/day)","2903","Vegetal Products","2019","2019","g/capita/day","43.72","Fc","Calculated data"
"FBS","Food Balances (2010-)","221","Oman","684","Fat supply quantity (g/capita/day)","2903","Vegetal Products","2019","2019","g/capita/day","42.93","Fc","Calculated data"
"FBS","Food Balances (2010-)","165","Pakistan","664","Food supply (kcal/capita/day)","2903","Vegetal Products","2019","2019","kcal/capita/day","1912","Fc","Calculated data"
"FBS","Food Balances (2010-)","165","Pakistan","674","Protein supply quantity (g/capita/day)","2903","Vegetal Products","2019","2019","g/capita/day","37.22","Fc","Calculated data"
"FBS","Food Balances (2010-)","165","Pakistan","684","Fat supply quantity (g/capita/day)","2903","Vegetal Products","2019","2019","g/capita/day","43.18","Fc","Calculated data"
"FBS","Food Balances (2010-)","166","Panama","664","Food supply (kcal/capita/day)","2903","Vegetal Products","2019","2019","kcal/capita/day","2275","Fc","Calculated data"
"FBS","Food Balances (2010-)","166","Panama","674","Protein supply quantity (g/capita/day)","2903","Vegetal Products","2019","2019","g/capita/day","39.41","Fc","Calculated data"
"FBS","Food Balances (2010-)","166","Panama","684","Fat supply quantity (g/capita/day)","2903","Vegetal Products","2019","2019","g/capita/day","41.52","Fc","Calculated data"
"FBS","Food Balances (2010-)","168","Papua New Guinea","664","Food supply (kcal/capita/day)","2903","Vegetal Products","2019","2019","kcal/capita/day","1914","Fc","Calculated data"
"FBS","Food Balances (2010-)","168","Papua New Guinea","674","Protein supply quantity (g/capita/day)","2903","Vegetal Products","2019","2019","g/capita/day","28.4","Fc","Calculated data"
"FBS","Food Balances (2010-)","168","Papua New Guinea","684","Fat supply quantity (g/capita/day)","2903","Vegetal Products","2019","2019","g/capita/day","36.82","Fc","Calculated data"
"FBS","Food Balances (2010-)","169","Paraguay","664","Food supply (kcal/capita/day)","2903","Vegetal Products","2019","2019","kcal/capita/day","2403","Fc","Calculated data"
"FBS","Food Balances (2010-)","169","Paraguay","674","Protein supply quantity (g/capita/day)","2903","Vegetal Products","2019","2019","g/capita/day","43.36","Fc","Calculated data"
"FBS","Food Balances (2010-)","169","Paraguay","684","Fat supply quantity (g/capita/day)","2903","Vegetal Products","2019","2019","g/capita/day","61.54","Fc","Calculated data"
"FBS","Food Balances (2010-)","170","Peru","664","Food supply (kcal/capita/day)","2903","Vegetal Products","2019","2019","kcal/capita/day","2327","Fc","Calculated data"
"FBS","Food Balances (2010-)","170","Peru","674","Protein supply quantity (g/capita/day)","2903","Vegetal Products","2019","2019","g/capita/day","45.61","Fc","Calculated data"
"FBS","Food Balances (2010-)","170","Peru","684","Fat supply quantity (g/capita/day)","2903","Vegetal Products","2019","2019","g/capita/day","34.02","Fc","Calculated data"
"FBS","Food Balances (2010-)","171","Philippines","664","Food supply (kcal/capita/day)","2903","Vegetal Products","2019","2019","kcal/capita/day","2392","Fc","Calculated data"
"FBS","Food Balances (2010-)","171","Philippines","674","Protein supply quantity (g/capita/day)","2903","Vegetal Products","2019","2019","g/capita/day","39.01","Fc","Calculated data"
"FBS","Food Balances (2010-)","171","Philippines","684","Fat supply quantity (g/capita/day)","2903","Vegetal Products","2019","2019","g/capita/day","26.46","Fc","Calculated data"
"FBS","Food Balances (2010-)","173","Poland","664","Food supply (kcal/capita/day)","2903","Vegetal Products","2019","2019","kcal/capita/day","2501","Fc","Calculated data"
"FBS","Food Balances (2010-)","173","Poland","674","Protein supply quantity (g/capita/day)","2903","Vegetal Products","2019","2019","g/capita/day","48.06","Fc","Calculated data"
"FBS","Food Balances (2010-)","173","Poland","684","Fat supply quantity (g/capita/day)","2903","Vegetal Products","2019","2019","g/capita/day","42.26","Fc","Calculated data"
"FBS","Food Balances (2010-)","174","Portugal","664","Food supply (kcal/capita/day)","2903","Vegetal Products","2019","2019","kcal/capita/day","2413","Fc","Calculated data"
"FBS","Food Balances (2010-)","174","Portugal","674","Protein supply quantity (g/capita/day)","2903","Vegetal Products","2019","2019","g/capita/day","42.49","Fc","Calculated data"
"FBS","Food Balances (2010-)","174","Portugal","684","Fat supply quantity (g/capita/day)","2903","Vegetal Products","2019","2019","g/capita/day","68.11","Fc","Calculated data"
"FBS","Food Balances (2010-)","117","Republic of Korea","664","Food supply (kcal/capita/day)","2903","Vegetal Products","2019","2019","kcal/capita/day","2762","Fc","Calculated data"
"FBS","Food Balances (2010-)","117","Republic of Korea","674","Protein supply quantity (g/capita/day)","2903","Vegetal Products","2019","2019","g/capita/day","45.13","Fc","Calculated data"
"FBS","Food Balances (2010-)","117","Republic of Korea","684","Fat supply quantity (g/capita/day)","2903","Vegetal Products","2019","2019","g/capita/day","76.42","Fc","Calculated data"
"FBS","Food Balances (2010-)","146","Republic of Moldova","664","Food supply (kcal/capita/day)","2903","Vegetal Products","2019","2019","kcal/capita/day","2125","Fc","Calculated data"
"FBS","Food Balances (2010-)","146","Republic of Moldova","674","Protein supply quantity (g/capita/day)","2903","Vegetal Products","2019","2019","g/capita/day","42.26","Fc","Calculated data"
"FBS","Food Balances (2010-)","146","Republic of Moldova","684","Fat supply quantity (g/capita/day)","2903","Vegetal Products","2019","2019","g/capita/day","34.49","Fc","Calculated data"
"FBS","Food Balances (2010-)","183","Romania","664","Food supply (kcal/capita/day)","2903","Vegetal Products","2019","2019","kcal/capita/day","2653","Fc","Calculated data"
"FBS","Food Balances (2010-)","183","Romania","674","Protein supply quantity (g/capita/day)","2903","Vegetal Products","2019","2019","g/capita/day","53.18","Fc","Calculated data"
"FBS","Food Balances (2010-)","183","Romania","684","Fat supply quantity (g/capita/day)","2903","Vegetal Products","2019","2019","g/capita/day","54.69","Fc","Calculated data"
"FBS","Food Balances (2010-)","185","Russian Federation","664","Food supply (kcal/capita/day)","2903","Vegetal Products","2019","2019","kcal/capita/day","2492","Fc","Calculated data"
"FBS","Food Balances (2010-)","185","Russian Federation","674","Protein supply quantity (g/capita/day)","2903","Vegetal Products","2019","2019","g/capita/day","48.95","Fc","Calculated data"
"FBS","Food Balances (2010-)","185","Russian Federation","684","Fat supply quantity (g/capita/day)","2903","Vegetal Products","2019","2019","g/capita/day","47.94","Fc","Calculated data"
"FBS","Food Balances (2010-)","184","Rwanda","664","Food supply (kcal/capita/day)","2903","Vegetal Products","2019","2019","kcal/capita/day","2111","Fc","Calculated data"
"FBS","Food Balances (2010-)","184","Rwanda","674","Protein supply quantity (g/capita/day)","2903","Vegetal Products","2019","2019","g/capita/day","50.33","Fc","Calculated data"
"FBS","Food Balances (2010-)","184","Rwanda","684","Fat supply quantity (g/capita/day)","2903","Vegetal Products","2019","2019","g/capita/day","22.16","Fc","Calculated data"
"FBS","Food Balances (2010-)","188","Saint Kitts and Nevis","664","Food supply (kcal/capita/day)","2903","Vegetal Products","2019","2019","kcal/capita/day","1894","Fc","Calculated data"
"FBS","Food Balances (2010-)","188","Saint Kitts and Nevis","674","Protein supply quantity (g/capita/day)","2903","Vegetal Products","2019","2019","g/capita/day","27.29","Fc","Calculated data"
"FBS","Food Balances (2010-)","188","Saint Kitts and Nevis","684","Fat supply quantity (g/capita/day)","2903","Vegetal Products","2019","2019","g/capita/day","60.12","Fc","Calculated data"
"FBS","Food Balances (2010-)","189","Saint Lucia","664","Food supply (kcal/capita/day)","2903","Vegetal Products","2019","2019","kcal/capita/day","1933","Fc","Calculated data"
"FBS","Food Balances (2010-)","189","Saint Lucia","674","Protein supply quantity (g/capita/day)","2903","Vegetal Products","2019","2019","g/capita/day","35.24","Fc","Calculated data"
"FBS","Food Balances (2010-)","189","Saint Lucia","684","Fat supply quantity (g/capita/day)","2903","Vegetal Products","2019","2019","g/capita/day","27.13","Fc","Calculated data"
"FBS","Food Balances (2010-)","191","Saint Vincent and the Grenadines","664","Food supply (kcal/capita/day)","2903","Vegetal Products","2019","2019","kcal/capita/day","2315","Fc","Calculated data"
"FBS","Food Balances (2010-)","191","Saint Vincent and the Grenadines","674","Protein supply quantity (g/capita/day)","2903","Vegetal Products","2019","2019","g/capita/day","39.39","Fc","Calculated data"
"FBS","Food Balances (2010-)","191","Saint Vincent and the Grenadines","684","Fat supply quantity (g/capita/day)","2903","Vegetal Products","2019","2019","g/capita/day","46.62","Fc","Calculated data"
"FBS","Food Balances (2010-)","244","Samoa","664","Food supply (kcal/capita/day)","2903","Vegetal Products","2019","2019","kcal/capita/day","2280","Fc","Calculated data"
"FBS","Food Balances (2010-)","244","Samoa","674","Protein supply quantity (g/capita/day)","2903","Vegetal Products","2019","2019","g/capita/day","36.31","Fc","Calculated data"
"FBS","Food Balances (2010-)","244","Samoa","684","Fat supply quantity (g/capita/day)","2903","Vegetal Products","2019","2019","g/capita/day","77.98","Fc","Calculated data"
"FBS","Food Balances (2010-)","193","Sao Tome and Principe","664","Food supply (kcal/capita/day)","2903","Vegetal Products","2019","2019","kcal/capita/day","2202","Fc","Calculated data"
"FBS","Food Balances (2010-)","193","Sao Tome and Principe","674","Protein supply quantity (g/capita/day)","2903","Vegetal Products","2019","2019","g/capita/day","36.8","Fc","Calculated data"
"FBS","Food Balances (2010-)","193","Sao Tome and Principe","684","Fat supply quantity (g/capita/day)","2903","Vegetal Products","2019","2019","g/capita/day","58.85","Fc","Calculated data"
"FBS","Food Balances (2010-)","194","Saudi Arabia","664","Food supply (kcal/capita/day)","2903","Vegetal Products","2019","2019","kcal/capita/day","2836","Fc","Calculated data"
"FBS","Food Balances (2010-)","194","Saudi Arabia","674","Protein supply quantity (g/capita/day)","2903","Vegetal Products","2019","2019","g/capita/day","53.85","Fc","Calculated data"
"FBS","Food Balances (2010-)","194","Saudi Arabia","684","Fat supply quantity (g/capita/day)","2903","Vegetal Products","2019","2019","g/capita/day","74.91","Fc","Calculated data"
"FBS","Food Balances (2010-)","195","Senegal","664","Food supply (kcal/capita/day)","2903","Vegetal Products","2019","2019","kcal/capita/day","2434","Fc","Calculated data"
"FBS","Food Balances (2010-)","195","Senegal","674","Protein supply quantity (g/capita/day)","2903","Vegetal Products","2019","2019","g/capita/day","49.74","Fc","Calculated data"
"FBS","Food Balances (2010-)","195","Senegal","684","Fat supply quantity (g/capita/day)","2903","Vegetal Products","2019","2019","g/capita/day","57.85","Fc","Calculated data"
"FBS","Food Balances (2010-)","272","Serbia","664","Food supply (kcal/capita/day)","2903","Vegetal Products","2019","2019","kcal/capita/day","2049","Fc","Calculated data"
"FBS","Food Balances (2010-)","272","Serbia","674","Protein supply quantity (g/capita/day)","2903","Vegetal Products","2019","2019","g/capita/day","42.79","Fc","Calculated data"
"FBS","Food Balances (2010-)","272","Serbia","684","Fat supply quantity (g/capita/day)","2903","Vegetal Products","2019","2019","g/capita/day","28.07","Fc","Calculated data"
"FBS","Food Balances (2010-)","196","Seychelles","664","Food supply (kcal/capita/day)","2903","Vegetal Products","2019","2019","kcal/capita/day","2506","Fc","Calculated data"
"FBS","Food Balances (2010-)","196","Seychelles","674","Protein supply quantity (g/capita/day)","2903","Vegetal Products","2019","2019","g/capita/day","45.12","Fc","Calculated data"
"FBS","Food Balances (2010-)","196","Seychelles","684","Fat supply quantity (g/capita/day)","2903","Vegetal Products","2019","2019","g/capita/day","52.36","Fc","Calculated data"
"FBS","Food Balances (2010-)","197","Sierra Leone","664","Food supply (kcal/capita/day)","2903","Vegetal Products","2019","2019","kcal/capita/day","2240","Fc","Calculated data"
"FBS","Food Balances (2010-)","197","Sierra Leone","674","Protein supply quantity (g/capita/day)","2903","Vegetal Products","2019","2019","g/capita/day","39.22","Fc","Calculated data"
"FBS","Food Balances (2010-)","197","Sierra Leone","684","Fat supply quantity (g/capita/day)","2903","Vegetal Products","2019","2019","g/capita/day","45.14","Fc","Calculated data"
"FBS","Food Balances (2010-)","199","Slovakia","664","Food supply (kcal/capita/day)","2903","Vegetal Products","2019","2019","kcal/capita/day","1995","Fc","Calculated data"
"FBS","Food Balances (2010-)","199","Slovakia","674","Protein supply quantity (g/capita/day)","2903","Vegetal Products","2019","2019","g/capita/day","32.99","Fc","Calculated data"
"FBS","Food Balances (2010-)","199","Slovakia","684","Fat supply quantity (g/capita/day)","2903","Vegetal Products","2019","2019","g/capita/day","59.29","Fc","Calculated data"
"FBS","Food Balances (2010-)","198","Slovenia","664","Food supply (kcal/capita/day)","2903","Vegetal Products","2019","2019","kcal/capita/day","2337","Fc","Calculated data"
"FBS","Food Balances (2010-)","198","Slovenia","674","Protein supply quantity (g/capita/day)","2903","Vegetal Products","2019","2019","g/capita/day","43.36","Fc","Calculated data"
"FBS","Food Balances (2010-)","198","Slovenia","684","Fat supply quantity (g/capita/day)","2903","Vegetal Products","2019","2019","g/capita/day","53.98","Fc","Calculated data"
"FBS","Food Balances (2010-)","25","Solomon Islands","664","Food supply (kcal/capita/day)","2903","Vegetal Products","2019","2019","kcal/capita/day","2208","Fc","Calculated data"
"FBS","Food Balances (2010-)","25","Solomon Islands","674","Protein supply quantity (g/capita/day)","2903","Vegetal Products","2019","2019","g/capita/day","37.03","Fc","Calculated data"
"FBS","Food Balances (2010-)","25","Solomon Islands","684","Fat supply quantity (g/capita/day)","2903","Vegetal Products","2019","2019","g/capita/day","38.15","Fc","Calculated data"
"FBS","Food Balances (2010-)","202","South Africa","664","Food supply (kcal/capita/day)","2903","Vegetal Products","2019","2019","kcal/capita/day","2432","Fc","Calculated data"
"FBS","Food Balances (2010-)","202","South Africa","674","Protein supply quantity (g/capita/day)","2903","Vegetal Products","2019","2019","g/capita/day","44.64","Fc","Calculated data"
"FBS","Food Balances (2010-)","202","South Africa","684","Fat supply quantity (g/capita/day)","2903","Vegetal Products","2019","2019","g/capita/day","53.97","Fc","Calculated data"
"FBS","Food Balances (2010-)","203","Spain","664","Food supply (kcal/capita/day)","2903","Vegetal Products","2019","2019","kcal/capita/day","2477","Fc","Calculated data"
"FBS","Food Balances (2010-)","203","Spain","674","Protein supply quantity (g/capita/day)","2903","Vegetal Products","2019","2019","g/capita/day","40.23","Fc","Calculated data"
"FBS","Food Balances (2010-)","203","Spain","684","Fat supply quantity (g/capita/day)","2903","Vegetal Products","2019","2019","g/capita/day","96.21","Fc","Calculated data"
"FBS","Food Balances (2010-)","38","Sri Lanka","664","Food supply (kcal/capita/day)","2903","Vegetal Products","2019","2019","kcal/capita/day","2514","Fc","Calculated data"
"FBS","Food Balances (2010-)","38","Sri Lanka","674","Protein supply quantity (g/capita/day)","2903","Vegetal Products","2019","2019","g/capita/day","48.47","Fc","Calculated data"
"FBS","Food Balances (2010-)","38","Sri Lanka","684","Fat supply quantity (g/capita/day)","2903","Vegetal Products","2019","2019","g/capita/day","41.15","Fc","Calculated data"
"FBS","Food Balances (2010-)","276","Sudan","664","Food supply (kcal/capita/day)","2903","Vegetal Products","2019","2019","kcal/capita/day","2229","Fc","Calculated data"
"FBS","Food Balances (2010-)","276","Sudan","674","Protein supply quantity (g/capita/day)","2903","Vegetal Products","2019","2019","g/capita/day","55.96","Fc","Calculated data"
"FBS","Food Balances (2010-)","276","Sudan","684","Fat supply quantity (g/capita/day)","2903","Vegetal Products","2019","2019","g/capita/day","43.47","Fc","Calculated data"
"FBS","Food Balances (2010-)","207","Suriname","664","Food supply (kcal/capita/day)","2903","Vegetal Products","2019","2019","kcal/capita/day","2326","Fc","Calculated data"
"FBS","Food Balances (2010-)","207","Suriname","674","Protein supply quantity (g/capita/day)","2903","Vegetal Products","2019","2019","g/capita/day","35.49","Fc","Calculated data"
"FBS","Food Balances (2010-)","207","Suriname","684","Fat supply quantity (g/capita/day)","2903","Vegetal Products","2019","2019","g/capita/day","49.16","Fc","Calculated data"
"FBS","Food Balances (2010-)","210","Sweden","664","Food supply (kcal/capita/day)","2903","Vegetal Products","2019","2019","kcal/capita/day","2136","Fc","Calculated data"
"FBS","Food Balances (2010-)","210","Sweden","674","Protein supply quantity (g/capita/day)","2903","Vegetal Products","2019","2019","g/capita/day","38.75","Fc","Calculated data"
"FBS","Food Balances (2010-)","210","Sweden","684","Fat supply quantity (g/capita/day)","2903","Vegetal Products","2019","2019","g/capita/day","58.81","Fc","Calculated data"
"FBS","Food Balances (2010-)","211","Switzerland","664","Food supply (kcal/capita/day)","2903","Vegetal Products","2019","2019","kcal/capita/day","2245","Fc","Calculated data"
"FBS","Food Balances (2010-)","211","Switzerland","674","Protein supply quantity (g/capita/day)","2903","Vegetal Products","2019","2019","g/capita/day","35.85","Fc","Calculated data"
"FBS","Food Balances (2010-)","211","Switzerland","684","Fat supply quantity (g/capita/day)","2903","Vegetal Products","2019","2019","g/capita/day","69.53","Fc","Calculated data"
"FBS","Food Balances (2010-)","212","Syrian Arab Republic","664","Food supply (kcal/capita/day)","2903","Vegetal Products","2019","2019","kcal/capita/day","2340","Fc","Calculated data"
"FBS","Food Balances (2010-)","212","Syrian Arab Republic","674","Protein supply quantity (g/capita/day)","2903","Vegetal Products","2019","2019","g/capita/day","52.5","Fc","Calculated data"
"FBS","Food Balances (2010-)","212","Syrian Arab Republic","684","Fat supply quantity (g/capita/day)","2903","Vegetal Products","2019","2019","g/capita/day","64.25","Fc","Calculated data"
"FBS","Food Balances (2010-)","208","Tajikistan","664","Food supply (kcal/capita/day)","2903","Vegetal Products","2019","2019","kcal/capita/day","2104","Fc","Calculated data"
"FBS","Food Balances (2010-)","208","Tajikistan","674","Protein supply quantity (g/capita/day)","2903","Vegetal Products","2019","2019","g/capita/day","48.4","Fc","Calculated data"
"FBS","Food Balances (2010-)","208","Tajikistan","684","Fat supply quantity (g/capita/day)","2903","Vegetal Products","2019","2019","g/capita/day","40.63","Fc","Calculated data"
"FBS","Food Balances (2010-)","216","Thailand","664","Food supply (kcal/capita/day)","2903","Vegetal Products","2019","2019","kcal/capita/day","2449","Fc","Calculated data"
"FBS","Food Balances (2010-)","216","Thailand","674","Protein supply quantity (g/capita/day)","2903","Vegetal Products","2019","2019","g/capita/day","34.63","Fc","Calculated data"
"FBS","Food Balances (2010-)","216","Thailand","684","Fat supply quantity (g/capita/day)","2903","Vegetal Products","2019","2019","g/capita/day","41.63","Fc","Calculated data"
"FBS","Food Balances (2010-)","176","Timor-Leste","664","Food supply (kcal/capita/day)","2903","Vegetal Products","2019","2019","kcal/capita/day","2036","Fc","Calculated data"
"FBS","Food Balances (2010-)","176","Timor-Leste","674","Protein supply quantity (g/capita/day)","2903","Vegetal Products","2019","2019","g/capita/day","37.71","Fc","Calculated data"
"FBS","Food Balances (2010-)","176","Timor-Leste","684","Fat supply quantity (g/capita/day)","2903","Vegetal Products","2019","2019","g/capita/day","36.99","Fc","Calculated data"
"FBS","Food Balances (2010-)","217","Togo","664","Food supply (kcal/capita/day)","2903","Vegetal Products","2019","2019","kcal/capita/day","2356","Fc","Calculated data"
"FBS","Food Balances (2010-)","217","Togo","674","Protein supply quantity (g/capita/day)","2903","Vegetal Products","2019","2019","g/capita/day","47.11","Fc","Calculated data"
"FBS","Food Balances (2010-)","217","Togo","684","Fat supply quantity (g/capita/day)","2903","Vegetal Products","2019","2019","g/capita/day","51.58","Fc","Calculated data"
"FBS","Food Balances (2010-)","220","Trinidad and Tobago","664","Food supply (kcal/capita/day)","2903","Vegetal Products","2019","2019","kcal/capita/day","2340","Fc","Calculated data"
"FBS","Food Balances (2010-)","220","Trinidad and Tobago","674","Protein supply quantity (g/capita/day)","2903","Vegetal Products","2019","2019","g/capita/day","41.05","Fc","Calculated data"
"FBS","Food Balances (2010-)","220","Trinidad and Tobago","684","Fat supply quantity (g/capita/day)","2903","Vegetal Products","2019","2019","g/capita/day","45.15","Fc","Calculated data"
"FBS","Food Balances (2010-)","222","Tunisia","664","Food supply (kcal/capita/day)","2903","Vegetal Products","2019","2019","kcal/capita/day","3098","Fc","Calculated data"
"FBS","Food Balances (2010-)","222","Tunisia","674","Protein supply quantity (g/capita/day)","2903","Vegetal Products","2019","2019","g/capita/day","72.33","Fc","Calculated data"
"FBS","Food Balances (2010-)","222","Tunisia","684","Fat supply quantity (g/capita/day)","2903","Vegetal Products","2019","2019","g/capita/day","76.07","Fc","Calculated data"
"FBS","Food Balances (2010-)","223","Turkey","664","Food supply (kcal/capita/day)","2903","Vegetal Products","2019","2019","kcal/capita/day","3123","Fc","Calculated data"
"FBS","Food Balances (2010-)","223","Turkey","674","Protein supply quantity (g/capita/day)","2903","Vegetal Products","2019","2019","g/capita/day","71.34","Fc","Calculated data"
"FBS","Food Balances (2010-)","223","Turkey","684","Fat supply quantity (g/capita/day)","2903","Vegetal Products","2019","2019","g/capita/day","86.84","Fc","Calculated data"
"FBS","Food Balances (2010-)","213","Turkmenistan","664","Food supply (kcal/capita/day)","2903","Vegetal Products","2019","2019","kcal/capita/day","2247","Fc","Calculated data"
"FBS","Food Balances (2010-)","213","Turkmenistan","674","Protein supply quantity (g/capita/day)","2903","Vegetal Products","2019","2019","g/capita/day","53.38","Fc","Calculated data"
"FBS","Food Balances (2010-)","213","Turkmenistan","684","Fat supply quantity (g/capita/day)","2903","Vegetal Products","2019","2019","g/capita/day","30.26","Fc","Calculated data"
"FBS","Food Balances (2010-)","226","Uganda","664","Food supply (kcal/capita/day)","2903","Vegetal Products","2019","2019","kcal/capita/day","2002","Fc","Calculated data"
"FBS","Food Balances (2010-)","226","Uganda","674","Protein supply quantity (g/capita/day)","2903","Vegetal Products","2019","2019","g/capita/day","33.03","Fc","Calculated data"
"FBS","Food Balances (2010-)","226","Uganda","684","Fat supply quantity (g/capita/day)","2903","Vegetal Products","2019","2019","g/capita/day","33.79","Fc","Calculated data"
"FBS","Food Balances (2010-)","230","Ukraine","664","Food supply (kcal/capita/day)","2903","Vegetal Products","2019","2019","kcal/capita/day","2300","Fc","Calculated data"
"FBS","Food Balances (2010-)","230","Ukraine","674","Protein supply quantity (g/capita/day)","2903","Vegetal Products","2019","2019","g/capita/day","45.36","Fc","Calculated data"
"FBS","Food Balances (2010-)","230","Ukraine","684","Fat supply quantity (g/capita/day)","2903","Vegetal Products","2019","2019","g/capita/day","39.29","Fc","Calculated data"
"FBS","Food Balances (2010-)","229","United Kingdom of Great Britain and Northern Ireland","664","Food supply (kcal/capita/day)","2903","Vegetal Products","2019","2019","kcal/capita/day","2410","Fc","Calculated data"
"FBS","Food Balances (2010-)","229","United Kingdom of Great Britain and Northern Ireland","674","Protein supply quantity (g/capita/day)","2903","Vegetal Products","2019","2019","g/capita/day","47.34","Fc","Calculated data"
"FBS","Food Balances (2010-)","229","United Kingdom of Great Britain and Northern Ireland","684","Fat supply quantity (g/capita/day)","2903","Vegetal Products","2019","2019","g/capita/day","65.3","Fc","Calculated data"
"FBS","Food Balances (2010-)","215","United Republic of Tanzania","664","Food supply (kcal/capita/day)","2903","Vegetal Products","2019","2019","kcal/capita/day","2210","Fc","Calculated data"
"FBS","Food Balances (2010-)","215","United Republic of Tanzania","674","Protein supply quantity (g/capita/day)","2903","Vegetal Products","2019","2019","g/capita/day","48.69","Fc","Calculated data"
"FBS","Food Balances (2010-)","215","United Republic of Tanzania","684","Fat supply quantity (g/capita/day)","2903","Vegetal Products","2019","2019","g/capita/day","40.3","Fc","Calculated data"
"FBS","Food Balances (2010-)","231","United States of America","664","Food supply (kcal/capita/day)","2903","Vegetal Products","2019","2019","kcal/capita/day","2736","Fc","Calculated data"
"FBS","Food Balances (2010-)","231","United States of America","674","Protein supply quantity (g/capita/day)","2903","Vegetal Products","2019","2019","g/capita/day","39.08","Fc","Calculated data"
"FBS","Food Balances (2010-)","231","United States of America","684","Fat supply quantity (g/capita/day)","2903","Vegetal Products","2019","2019","g/capita/day","98.95","Fc","Calculated data"
"FBS","Food Balances (2010-)","234","Uruguay","664","Food supply (kcal/capita/day)","2903","Vegetal Products","2019","2019","kcal/capita/day","2366","Fc","Calculated data"
"FBS","Food Balances (2010-)","234","Uruguay","674","Protein supply quantity (g/capita/day)","2903","Vegetal Products","2019","2019","g/capita/day","39.67","Fc","Calculated data"
"FBS","Food Balances (2010-)","234","Uruguay","684","Fat supply quantity (g/capita/day)","2903","Vegetal Products","2019","2019","g/capita/day","48.45","Fc","Calculated data"
"FBS","Food Balances (2010-)","235","Uzbekistan","664","Food supply (kcal/capita/day)","2903","Vegetal Products","2019","2019","kcal/capita/day","2467","Fc","Calculated data"
"FBS","Food Balances (2010-)","235","Uzbekistan","674","Protein supply quantity (g/capita/day)","2903","Vegetal Products","2019","2019","g/capita/day","57.33","Fc","Calculated data"
"FBS","Food Balances (2010-)","235","Uzbekistan","684","Fat supply quantity (g/capita/day)","2903","Vegetal Products","2019","2019","g/capita/day","36.17","Fc","Calculated data"
"FBS","Food Balances (2010-)","155","Vanuatu","664","Food supply (kcal/capita/day)","2903","Vegetal Products","2019","2019","kcal/capita/day","2209","Fc","Calculated data"
"FBS","Food Balances (2010-)","155","Vanuatu","674","Protein supply quantity (g/capita/day)","2903","Vegetal Products","2019","2019","g/capita/day","38.03","Fc","Calculated data"
"FBS","Food Balances (2010-)","155","Vanuatu","684","Fat supply quantity (g/capita/day)","2903","Vegetal Products","2019","2019","g/capita/day","67.09","Fc","Calculated data"
"FBS","Food Balances (2010-)","236","Venezuela (Bolivarian Republic of)","664","Food supply (kcal/capita/day)","2903","Vegetal Products","2019","2019","kcal/capita/day","1912","Fc","Calculated data"
"FBS","Food Balances (2010-)","236","Venezuela (Bolivarian Republic of)","674","Protein supply quantity (g/capita/day)","2903","Vegetal Products","2019","2019","g/capita/day","29.03","Fc","Calculated data"
"FBS","Food Balances (2010-)","236","Venezuela (Bolivarian Republic of)","684","Fat supply quantity (g/capita/day)","2903","Vegetal Products","2019","2019","g/capita/day","58.58","Fc","Calculated data"
"FBS","Food Balances (2010-)","237","Viet Nam","664","Food supply (kcal/capita/day)","2903","Vegetal Products","2019","2019","kcal/capita/day","2321","Fc","Calculated data"
"FBS","Food Balances (2010-)","237","Viet Nam","674","Protein supply quantity (g/capita/day)","2903","Vegetal Products","2019","2019","g/capita/day","53.85","Fc","Calculated data"
"FBS","Food Balances (2010-)","237","Viet Nam","684","Fat supply quantity (g/capita/day)","2903","Vegetal Products","2019","2019","g/capita/day","29.75","Fc","Calculated data"
"FBS","Food Balances (2010-)","249","Yemen","664","Food supply (kcal/capita/day)","2903","Vegetal Products","2019","2019","kcal/capita/day","1881","Fc","Calculated data"
"FBS","Food Balances (2010-)","249","Yemen","674","Protein supply quantity (g/capita/day)","2903","Vegetal Products","2019","2019","g/capita/day","42.35","Fc","Calculated data"
"FBS","Food Balances (2010-)","249","Yemen","684","Fat supply quantity (g/capita/day)","2903","Vegetal Products","2019","2019","g/capita/day","28.69","Fc","Calculated data"
"FBS","Food Balances (2010-)","251","Zambia","664","Food supply (kcal/capita/day)","2903","Vegetal Products","2019","2019","kcal/capita/day","2105","Fc","Calculated data"
"FBS","Food Balances (2010-)","251","Zambia","674","Protein supply quantity (g/capita/day)","2903","Vegetal Products","2019","2019","g/capita/day","47.06","Fc","Calculated data"
"FBS","Food Balances (2010-)","251","Zambia","684","Fat supply quantity (g/capita/day)","2903","Vegetal Products","2019","2019","g/capita/day","44.09","Fc","Calculated data"
"FBS","Food Balances (2010-)","181","Zimbabwe","664","Food supply (kcal/capita/day)","2903","Vegetal Products","2019","2019","kcal/capita/day","1567","Fc","Calculated data"
"FBS","Food Balances (2010-)","181","Zimbabwe","674","Protein supply quantity (g/capita/day)","2903","Vegetal Products","2019","2019","g/capita/day","27.75","Fc","Calculated data"
"FBS","Food Balances (2010-)","181","Zimbabwe","684","Fat supply quantity (g/capita/day)","2903","Vegetal Products","2019","2019","g/capita/day","42.56","Fc","Calculated data"
